,NOM,NOMBRE
111,AARON,340
252,ABBAS,272
294,ABBES,222
323,ABD,202
376,ABDALLAH,2350
522,ABDEL,1396
585,ABDELALI,465
623,ABDELATIF,220
649,ABDELAZIZ,2187
663,ABDELBAKI,103
742,ABDELFATTAH,169
775,ABDELGHANI,636
803,ABDELHADI,275
814,ABDELHAFID,601
831,ABDELHAK,848
837,ABDELHAKIM,671
848,ABDELHALIM,339
859,ABDELHAMID,1274
943,ABDELILAH,361
964,ABDELJALIL,154
996,ABDELKADER,5962
1025,ABDELKARIM,613
1075,ABDELKRIM,1702
1094,ABDELLAH,2059
1118,ABDELLATIF,894
1126,ABDELLAZIZ,174
1179,ABDELMADJID,402
1207,ABDELMAJID,787
1221,ABDELMALEK,504
1225,ABDELMALIK,127
1405,ABDELOUAHAB,333
1413,ABDELOUAHED,203
1562,ABDELWAHAB,133
1624,ABDENBI,135
1659,ABDENNOUR,163
1666,ABDENOUR,310
1687,ABDERAHMANE,123
1786,ABDERRAHIM,984
1798,ABDERRAHMAN,459
1800,ABDERRAHMANE,1570
1839,ABDERRAOUF,121
1850,ABDERRAZAK,553
1862,ABDERRAZZAK,120
1872,ABDERREZAK,158
1917,ABDESLAM,599
1921,ABDESLEM,186
1945,ABDESSALEM,152
1948,ABDESSAMAD,345
1965,ABDESSELAM,152
1978,ABDESSLAM,102
2138,ABDON,233
2156,ABDOU,682
2184,ABDOUL,390
2207,ABDOULAYE,923
2375,ABDUL,327
2434,ABDULLAH,424
2520,ABED,278
2566,ABEL,5364
2724,ABID,112
2753,ABIGAIL,149
2769,ABILIO,454
2927,ABOU,201
2934,ABOUBACAR,266
2947,ABOUBAKAR,139
3078,ABRAHAM,1185
3216,ACACIO,102
3350,ACHILLE,2267
3403,ACHOUR,506
3408,ACHRAF,307
3512,ADA,174
3541,ADALBERT,107
3562,ADAM,1675
3563,ADAMA,511
3657,ADDA,158
3776,ADEL,1588
3784,ADELAIDE,1368
3810,ADELE,2446
3845,ADELIA,105
3851,ADELIE,101
3852,ADELIN,176
3853,ADELINA,196
3859,ADELINE,6397
3861,ADELINO,503
3917,ADEM,504
3975,ADERITO,135
4078,ADIL,1081
4309,ADNAN,326
4312,ADNANE,175
4366,ADOLFO,166
4381,ADOLPHE,3609
4413,ADONIS,171
4506,ADRIAN,1193
4507,ADRIANA,570
4517,ADRIANO,567
4518,ADRIANUS,125
4529,ADRIEN,18577
4534,ADRIENNE,3267
4816,AFIF,140
4857,AFONSO,139
4981,AGATA,133
4986,AGATHE,2988
5170,AGNES,20868
5203,AGNIESZKA,291
5238,AGOP,162
5266,AGOSTINHO,539
5270,AGOSTINO,256
5410,AHAMADA,153
5413,AHAMADI,131
5447,AHCENE,735
5536,AHLEM,136
5555,AHMAD,597
5582,AHMED,13913
5608,AHMET,1492
5761,AI,105
5783,AICHA,2002
5809,AIDA,535
5957,AIMABLE,339
5981,AIME,11888
5984,AIMEE,4158
5995,AIMEN,126
6154,AISSA,1168
6163,AISSATA,147
6170,AISSATOU,217
6528,AKILA,152
6538,AKIM,568
6609,AKLI,677
6714,AKRAM,237
6803,AL,214
6892,ALAIN,153318
6959,ALAN,2005
7026,ALASSANE,223
7075,ALBA,213
7085,ALBAN,3311
7090,ALBANE,580
7099,ALBANO,168
7124,ALBE,108
7145,ALBER,225
7154,ALBERIC,372
7171,ALBERT,59188
7175,ALBERTE,2076
7187,ALBERTINE,2141
7193,ALBERTINO,104
7196,ALBERTO,2604
7227,ALBIN,858
7230,ALBINE,228
7235,ALBINO,465
7326,ALCIDE,823
7327,ALCIDES,103
7348,ALCINO,118
7373,ALDA,139
7471,ALDO,1696
7501,ALDRIC,150
7526,ALEC,117
7586,ALEJANDRA,176
7588,ALEJANDRO,396
7606,ALEKSANDAR,208
7609,ALEKSANDRA,218
7703,ALESSANDRA,230
7709,ALESSANDRO,495
7725,ALETH,147
7735,ALEX,4795
7736,ALEXA,343
7750,ALEXANDER,1156
7753,ALEXANDR,145
7754,ALEXANDRA,13527
7755,ALEXANDRE,45809
7769,ALEXANDRINE,1474
7782,ALEXANDRU,599
7803,ALEXEI,111
7820,ALEXIA,2667
7825,ALEXIANE,110
7842,ALEXINE,127
7847,ALEXIS,13997
7943,ALFONSO,390
7968,ALFRED,16125
7969,ALFREDA,392
7979,ALFREDO,962
8087,ALI,13964
8142,ALICE,18939
8151,ALICIA,1570
8168,ALIDA,253
8191,ALIENOR,226
8204,ALIETTE,564
8301,ALIN,260
8302,ALINA,367
8314,ALINE,15129
8346,ALIOU,207
8353,ALIOUNE,217
8403,ALISON,1381
8417,ALISSON,288
8445,ALIX,3115
8472,ALIZE,136
8474,ALIZEE,609
8534,ALLA,114
8556,ALLAIN,389
8562,ALLAL,299
8571,ALLAN,1116
8585,ALLAOUA,167
8650,ALLEN,119
8720,ALLISON,560
8788,ALMA,173
8941,ALOIS,374
8943,ALOISE,155
9017,ALOYSE,412
9042,ALPHA,204
9082,ALPHONSE,10127
9089,ALPHONSINE,832
9287,ALVARO,560
9307,ALVES,134
9320,ALVIN,108
9366,ALY,280
9469,AMABLE,105
9483,AMADEU,142
9500,AMADOU,906
9543,AMAL,513
9556,AMALIA,232
9601,AMAND,770
9602,AMANDA,980
9613,AMANDINE,8755
9616,AMANDIO,165
9664,AMAR,3130
9665,AMARA,329
9770,AMAURY,1212
9869,AMBRE,636
9888,AMBROISE,1291
9893,AMBROISINE,107
9951,AMEDE,295
9954,AMEDEE,2318
9992,AMEL,761
10004,AMELIA,610
10008,AMELIE,9222
10012,AMELINE,126
10075,AMER,133
10090,AMERICO,461
10133,AMEUR,246
10152,AMEZIANE,175
10236,AMILCAR,187
10252,AMIN,339
10253,AMINA,1017
10260,AMINATA,493
10269,AMINE,1918
10297,AMIR,544
10298,AMIRA,207
10327,AMIROUCHE,108
10395,AMMAR,942
10468,AMOKRANE,181
10494,AMOR,810
10539,AMOUR,172
10577,AMPARO,133
10703,AMY,254
10737,AN,374
10738,ANA,1957
10746,ANABELA,179
10752,ANABELLE,243
10783,ANAEL,221
10787,ANAELLE,514
10821,ANAIS,7463
10943,ANAS,235
10948,ANASS,159
10963,ANASTASE,120
10965,ANASTASIA,556
10966,ANASTASIE,246
11022,ANATOLE,914
11025,ANATOLIE,110
11081,ANCA,147
11149,AND,155
11191,ANDERSON,125
11285,ANDR,259
11306,ANDRE,207781
11307,ANDREA,4154
11319,ANDREAS,637
11324,ANDREE,34679
11325,ANDREEA,179
11341,ANDREI,601
11342,ANDREIA,125
11386,ANDRES,554
11405,ANDREW,1746
11646,ANDRZEJ,434
11663,ANDY,762
11772,ANETTE,152
11840,ANGE,7442
11850,ANGEL,2162
11851,ANGELA,1796
11858,ANGELE,7910
11862,ANGELES,113
11867,ANGELICA,315
11876,ANGELIKA,161
11880,ANGELIN,137
11881,ANGELINA,1446
11883,ANGELINE,1442
11895,ANGELIQUE,10097
11914,ANGELO,3246
11967,ANGIE,129
12046,ANH,456
12064,ANIBAL,267
12074,ANICET,541
12078,ANICETTE,118
12090,ANICK,348
12183,ANIS,809
12207,ANISSA,851
12221,ANITA,4059
12252,ANJA,139
12383,ANN,1374
12384,ANNA,10067
12386,ANNABEL,407
12391,ANNABELLE,2131
12402,ANNAELLE,109
12407,ANNAICK,161
12409,ANNAIG,134
12469,ANNE,70450
12517,ANNELISE,228
12569,ANNET,121
12574,ANNETTE,4818
12602,ANNICK,20793
12613,ANNIE,33051
12638,ANNIK,164
12661,ANNITA,124
12701,ANNONCIADE,159
12761,ANNY,1540
12846,ANOUAR,421
12861,ANOUCHKA,155
12862,ANOUCK,208
12870,ANOUK,434
13014,ANSELME,823
13161,ANTHELME,109
13169,ANTHIME,105
13204,ANTHONY,20548
13284,ANTO,122
13290,ANTOI,138
13296,ANTOIN,183
13299,ANTOINE,59175
13312,ANTOINETTE,11019
13350,ANTON,444
13359,ANTONELLA,226
13371,ANTONI,284
13372,ANTONIA,1490
13392,ANTONIETTA,119
13400,ANTONIN,3326
13401,ANTONINA,122
13402,ANTONINE,214
13404,ANTONINO,440
13405,ANTONIO,16199
13425,ANTONIUS,169
13449,ANTONY,2534
13596,ANWAR,107
13610,ANY,120
13708,AOMAR,275
13935,APOLLINE,279
13996,APPOLINAIRE,156
13999,APPOLINE,153
14101,ARAB,205
14168,ARAM,152
14412,ARCHANGE,116
14648,ARESKI,169
14680,AREZKI,973
14816,ARIANE,1791
14854,ARIE,156
14859,ARIEL,395
14863,ARIELLE,632
14875,ARIF,214
14971,ARISTE,138
14990,ARISTIDE,1622
15135,ARLETTE,11235
15157,ARLINDO,309
15186,ARMAN,206
15188,ARMAND,17215
15190,ARMANDE,1621
15197,ARMANDINE,414
15201,ARMANDO,1140
15242,ARMEL,1635
15257,ARMELLE,4407
15264,ARMEN,253
15288,ARMENIO,124
15329,ARMINDO,402
15385,ARNALDO,230
15396,ARNAUD,22707
15404,ARNAULD,326
15407,ARNAULT,282
15447,ARNO,115
15454,ARNOLD,780
15527,ARON,125
15739,ARSENE,3198
15876,ARTHUR,9120
15949,ARTUR,606
15956,ARTURO,182
16065,ARY,150
16199,ASCENSION,132
16372,ASHLEY,193
16392,ASHRAF,122
16514,ASMA,276
16515,ASMAA,131
16687,ASSANE,161
16689,ASSANI,141
16743,ASSIA,447
16892,ASSUNTA,132
16962,ASTRID,2362
16964,ASTRIDE,234
17132,ATEF,184
17185,ATHANASE,348
17259,ATHMANE,101
17318,ATIKA,150
17390,ATMANE,135
17524,ATTILA,142
17532,ATTILIO,321
17567,ATTOUMANI,176
17633,AUBERT,287
17650,AUBIN,460
17707,AUDE,5295
17789,AUDREY,16889
17793,AUDRIC,117
17864,AUGU,103
17866,AUGUS,169
17873,AUGUST,339
17874,AUGUSTA,1558
17878,AUGUSTE,20528
17887,AUGUSTIN,5294
17889,AUGUSTINE,2669
17896,AUGUSTO,1453
18047,AUREL,245
18049,AURELE,216
18055,AURELIA,2248
18061,AURELIE,21834
18062,AURELIEN,9513
18070,AURELIO,310
18112,AURIANE,207
18161,AURORA,177
18162,AURORE,8175
18392,AVELINO,374
18601,AWA,213
18684,AXEL,3261
18689,AXELLE,1365
18707,AYA,120
18804,AYDIN,189
18870,AYHAN,275
18932,AYMAN,122
18937,AYMAR,163
18948,AYMEN,380
18954,AYMERIC,1806
19023,AYOUB,486
19055,AYSE,382
19228,AZDINE,140
19238,AZEDDINE,204
19246,AZEDINE,178
19379,AZIZ,1815
19380,AZIZA,429
19513,AZZEDDINE,184
19515,AZZEDINE,587
19550,AZZOUZ,115
19554,BA,140
19585,BABA,170
19588,BABACAR,212
19722,BACAR,165
19782,BACHIR,1267
19923,BADIA,107
19989,BADR,237
20003,BADRE,107
20006,BADREDDINE,191
20221,BAHIA,105
20467,BAKARY,243
20885,BALTHAZAR,167
21149,BAO,101
21212,BAPTISTE,13148
21218,BAPTISTIN,234
21220,BAPTISTINE,282
21312,BARBARA,5650
21333,BARBE,192
21432,BAREK,122
21488,BARIS,109
21553,BARNABE,324
21704,BARRY,243
21741,BARTHELEMY,1646
21901,BASILE,1251
21963,BASSAM,134
21985,BASSEM,146
22025,BASSIROU,117
22078,BASTIEN,3474
22338,BAUDOIN,109
22341,BAUDOUIN,220
22445,BAYA,270
22525,BAYRAM,351
22610,BE,135
22645,BEATA,171
22646,BEATE,119
22661,BEATRICE,22025
22669,BEATRIX,589
22670,BEATRIZ,288
22839,BECHIR,781
23270,BEKIR,233
23301,BELA,106
23325,BELAID,516
23431,BELGACEM,426
23526,BELINDA,398
23560,BELKACEM,1376
23610,BELLA,115
23865,BEN,5574
23921,BENAISSA,243
23930,BENALI,118
23939,BENAMAR,224
23961,BENAOUDA,103
24139,BENEDICT,140
24141,BENEDICTE,6702
24360,BENITO,414
24379,BENJAMIN,18393
24381,BENJAMINE,149
24504,BENOIST,339
24506,BENOIT,24241
24507,BENOITE,229
24604,BENT,189
24685,BENYOUNES,115
24749,BERANGER,159
24750,BERANGERE,1175
24851,BERENGER,187
24852,BERENGERE,1340
24858,BERENICE,697
25048,BERN,107
25049,BERNA,177
25069,BERNADETTE,23414
25075,BERNADIN,126
25095,BERNAR,159
25096,BERNARD,150715
25114,BERNARDIN,147
25116,BERNARDINE,109
25118,BERNARDINO,178
25125,BERNARDO,209
25156,BERND,154
25182,BERNHARD,162
25326,BERTHA,142
25338,BERTHE,5940
25412,BERTILLE,378
25418,BERTIN,595
25451,BERTRAND,17221
25492,BERYL,120
25746,BETTINA,573
25758,BETTY,2242
26029,BIAGIO,109
26049,BIANCA,290
26113,BIBI,332
26142,BICH,150
26227,BIENAIME,109
26250,BIENVENU,203
26356,BILAL,770
26382,BILEL,408
26431,BILLAL,130
26446,BILLEL,154
26475,BILLY,368
26590,BINH,119
26633,BINTOU,140
26718,BIRGIT,158
27026,BLAISE,1429
27049,BLANC,102
27062,BLANCHE,4365
27098,BLANDINE,3825
27218,BLEUETTE,111
27338,BO,114
27365,BOB,153
27549,BOGDAN,420
28026,BONAVENTURE,156
28114,BONIFACE,325
28427,BORIS,3488
28773,BOUALEM,730
28839,BOUAZZA,152
28846,BOUBACAR,361
28862,BOUBAKER,198
28884,BOUBEKEUR,122
28896,BOUBKER,103
28900,BOUBOU,110
28921,BOUCHAIB,265
28985,BOUCHRA,442
28993,BOUCHTA,146
28995,BOUCIF,109
29070,BOUDJEMA,208
29071,BOUDJEMAA,127
29315,BOUJEMAA,241
29542,BOUMEDIENE,193
29543,BOUMEDIENNE,193
29996,BOUSSAD,276
30205,BOUZIANE,158
30207,BOUZID,279
30413,BRAHAM,132
30421,BRAHIM,4544
30530,BRANDON,460
30745,BRENDA,253
30748,BRENDAN,163
30868,BRIAN,1100
30892,BRICE,4425
30950,BRIEUC,182
30990,BRIGITTE,34627
31352,BRUCE,595
31422,BRUNA,310
31477,BRUNO,54840
31535,BRYAN,883
31762,BULENT,223
31798,BUN,107
31926,BURHAN,122
32167,CAB,102
32371,CAFER,104
32642,CALIXTE,511
32715,CALOGERO,468
32775,CAM,104
32836,CAMEL,157
32842,CAMELIA,276
32898,CAMILLA,137
32899,CAMILLE,29976
32909,CAMILO,125
33089,CANDICE,901
33092,CANDIDA,106
33094,CANDIDE,210
33096,CANDIDO,245
33112,CANDY,288
33368,CAPUCINE,688
33542,CARINA,243
33544,CARINE,6745
33549,CARINNE,195
33568,CARL,923
33569,CARLA,907
33614,CARLO,1075
33619,CARLOS,6868
33652,CARMEL,223
33653,CARMELA,408
33680,CARMELO,744
33683,CARMEN,5249
33715,CARMINE,300
33758,CAROL,1127
33765,CAROLE,17869
33776,CAROLINA,400
33777,CAROLINE,26463
33788,CAROLLE,179
33799,CAROLYN,188
34083,CASIMIR,1625
34088,CASIMIRO,123
34129,CASSANDRA,561
34130,CASSANDRE,370
34294,CATALDO,136
34297,CATALIN,225
34298,CATALINA,188
34314,CATARINA,153
34345,CATERINA,194
34359,CATHARINA,182
34392,CATHERINE,69665
34419,CATHIA,204
34424,CATHIE,239
34443,CATHY,3617
34454,CATIA,121
34535,CATY,113
34775,CECIL,222
34777,CECILE,29191
34785,CECILIA,2253
34788,CECILIEN,112
34849,CEDRIC,23681
34852,CEDRICK,392
34859,CEDRIK,126
34943,CELAL,165
34996,CELESTE,556
35002,CELESTIN,2282
35004,CELESTINE,661
35007,CELESTINO,177
35019,CELIA,2477
35055,CELINA,483
35059,CELINE,32492
35127,CELSO,109
35152,CEMAL,156
35170,CEMIL,133
35205,CENDRINE,510
35224,CENGIZ,204
35435,CESAIRE,166
35442,CESAR,2473
35444,CESARE,112
35456,CESARINE,143
35624,CHABANE,341
35738,CHADIA,114
35811,CHAFIK,227
35942,CHAIB,139
36028,CHAKER,106
36033,CHAKIB,202
36130,CHALOM,176
36354,CHAN,154
36685,CHANTAL,37634
36688,CHANTALE,475
36850,CHAOUKI,193
36968,CHARBEL,106
37001,CHAREF,107
37076,CHARL,110
37088,CHARLE,263
37101,CHARLEMAGNE,226
37104,CHARLENE,2704
37113,CHARLES,71241
37130,CHARLETTE,448
37132,CHARLEY,309
37144,CHARLIE,1135
37148,CHARLINE,2418
37168,CHARLOT,135
37177,CHARLOTTE,16383
37187,CHARLY,2092
37191,CHARLYNE,154
37414,CHAU,128
37664,CHEDLI,168
37717,CHEICK,130
37741,CHEIKH,562
37946,CHENG,119
38115,CHERIF,1341
38116,CHERIFA,263
38214,CHERYL,108
38443,CHI,286
38469,CHIARA,201
38926,CHLOE,5408
39029,CHOKRI,294
39219,CHOUKRI,150
39298,CHRETIEN,117
39313,CHRIS,615
39409,CHRIST,319
39410,CHRISTA,248
39440,CHRISTEL,3630
39442,CHRISTELE,1556
39446,CHRISTELLE,20418
39467,CHRISTI,165
39468,CHRISTIA,161
39477,CHRISTIAN,120624
39482,CHRISTIANE,35517
39497,CHRISTIANNE,644
39508,CHRISTIE,156
39526,CHRISTINA,1305
39528,CHRISTINE,56247
39604,CHRISTOPH,147
39608,CHRISTOPHE,80320
39615,CHRISTOPHER,4955
39636,CHRISTOS,114
39767,CHRYSTEL,776
39769,CHRYSTELE,581
39772,CHRYSTELLE,1456
39868,CHUN,150
39881,CHUNG,111
40134,CIHAN,105
40237,CINDY,5693
40261,CINTHIA,181
40289,CIPRIAN,172
40358,CIRO,151
40472,CLAIR,448
40478,CLAIRE,30971
40497,CLAIRETTE,138
40571,CLARA,2670
40580,CLARE,290
40583,CLARENCE,168
40626,CLARISSE,2242
40664,CLAUD,220
40670,CLAUDE,209500
40708,CLAUDETTE,6558
40714,CLAUDIA,3031
40725,CLAUDIE,4337
40737,CLAUDINE,23513
40748,CLAUDIO,766
40756,CLAUDIU,179
40757,CLAUDIUS,1339
40774,CLAUDY,560
40860,CLEA,117
40924,CLELIA,342
40945,CLEMENCE,5275
40961,CLEMENT,17495
40973,CLEMENTINE,3205
41018,CLEO,109
41136,CLET,110
41188,CLIFFORD,105
41214,CLIO,106
41232,CLIVE,153
41293,CLOE,355
41341,CLOTAIRE,892
41351,CLOTHILDE,720
41359,CLOTILDE,2973
41385,CLOVIS,1357
41634,COLAS,120
41640,COLBERT,131
41660,COLETTE,25876
41675,COLIN,791
41678,COLINE,803
41756,COLOMBE,382
41840,COME,408
41954,CONCEICAO,277
41972,CONCEPTION,346
41984,CONCETTA,212
41995,CONCHITA,115
42056,CONG,131
42105,CONRAD,242
42160,CONSTANCE,1879
42167,CONSTANT,3943
42173,CONSTANTIN,1354
42177,CONSTANTINO,129
42206,CONSUELO,184
42337,CORA,103
42351,CORALIE,4750
42354,CORALINE,585
42451,CORENTIN,2264
42452,CORENTINE,138
42484,CORINA,130
42486,CORINE,2643
42492,CORINNE,26347
42548,CORNEILLE,423
42551,CORNEL,163
42553,CORNELIA,364
42555,CORNELIE,387
42561,CORNELIS,355
42564,CORNELIUS,110
42581,CORNIL,841
42621,CORRADO,126
42655,CORRINE,172
42734,COSETTE,229
42740,COSIMO,210
42752,COSMIN,155
42786,COSTA,228
42809,COSTEL,143
42964,COUMBA,124
43218,CRAIG,161
43317,CREPIN,170
43497,CRISTEL,149
43503,CRISTELLE,275
43512,CRISTIAN,574
43525,CRISTINA,1388
43677,CRUZ,126
43868,CUONG,111
43941,CUSTODIO,101
44055,CYNDIE,186
44071,CYNTHIA,2255
44095,CYPRIEN,1187
44097,CYPRIENNE,102
44101,CYR,241
44129,CYRIAQUE,391
44136,CYRIELLE,930
44142,CYRIL,14908
44147,CYRILL,126
44149,CYRILLE,7821
44209,CZESLAW,115
44218,DA,1082
44431,DAGMAR,102
44484,DAHBIA,100
44520,DAHMANE,132
44630,DAISY,741
44752,DALIA,113
44764,DALIDA,101
44774,DALILA,1389
44947,DAME,128
44972,DAMIAN,192
44992,DAMIEN,17109
44996,DAMIENNE,131
45081,DAN,1024
45082,DANA,162
45209,DANI,125
45233,DANIE,193
45236,DANIEL,125906
45237,DANIELA,918
45242,DANIELE,15853
45252,DANIELLA,219
45254,DANIELLE,26562
45299,DANILO,157
45363,DANNY,398
45412,DANTE,326
45445,DANUT,110
45446,DANUTA,131
45457,DANY,4674
45507,DAOUD,222
45508,DAOUDA,282
45545,DAPHNE,687
45546,DAPHNEE,195
45680,DARIA,173
45715,DARIO,483
45728,DARIUS,228
45731,DARIUSZ,233
45830,DARREN,133
46105,DAVE,184
46123,DAVID,63909
46129,DAVIDE,261
46161,DAVINA,166
46213,DAVY,1364
46239,DAWN,164
46359,DE,3923
46370,DEAN,122
46491,DEBORA,185
46493,DEBORAH,3690
46980,DEJAN,124
47019,DEL,520
47291,DELIA,232
47485,DELPHIN,399
47488,DELPHINE,18431
47644,DEMBA,317
47892,DENIS,48507
47896,DENISE,32212
47921,DENIZ,148
47944,DENNIS,193
48005,DENYS,563
48006,DENYSE,227
48033,DEOLINDA,100
48169,DEREK,235
48482,DESIR,140
48485,DESIRE,6678
48486,DESIREE,1369
49335,DI,197
49489,DIAMANTINO,216
49528,DIANA,1303
49536,DIANE,2982
49773,DIDIER,59376
49839,DIEGO,1300
49937,DIETER,286
49972,DIEUDONNE,337
50200,DILEK,118
50332,DIMITAR,118
50340,DIMITRI,4286
50353,DIMITRIOS,106
50368,DIMITRY,140
50403,DINA,530
50478,DINH,161
50508,DINO,422
50550,DIOGO,101
50741,DIRK,297
50812,DIT,1553
50816,DITE,231
51000,DJAFFAR,157
51110,DJAMAL,738
51147,DJAMEL,2304
51163,DJAMILA,919
51463,DJELLOUL,348
51492,DJEMEL,133
51672,DJIBRIL,269
51755,DJILALI,656
51773,DJILLALI,235
52129,DO,292
52245,DOGAN,162
52381,DOLLY,212
52396,DOLORES,2063
52475,DOMENICO,718
52527,DOMINGO,341
52528,DOMINGOS,887
52537,DOMINIC,160
52570,DOMINIQUE,102694
52612,DOMITILLE,290
52655,DON,241
52671,DONALD,530
52698,DONAT,289
52710,DONATIEN,695
52712,DONATIENNE,157
52719,DONATO,264
52817,DONIA,154
52860,DONNA,118
52891,DONOVAN,205
52941,DORA,364
53039,DORIAN,1292
53043,DORIANE,732
53072,DORIN,137
53077,DORINE,463
53084,DORIS,982
53154,DOROTA,158
53166,DOROTHEE,3507
53172,DOROTHY,142
53237,DOS,349
53397,DOUGLAS,458
53484,DOUNIA,354
53567,DOV,126
53642,DRAGAN,334
53677,DRAGOS,102
53842,DRISS,2055
53971,DU,198
53987,DUARTE,177
54074,DUC,287
54423,DUMITRU,388
54458,DUNCAN,176
54470,DUNG,300
54591,DURAN,106
54659,DURMUS,100
54696,DURSUN,163
54713,DUSAN,159
54842,DUY,107
54920,DYLAN,1762
55378,EDDIE,1008
55384,EDDINE,900
55398,EDDY,4439
55451,EDEN,105
55480,EDGAR,1172
55481,EDGARD,1701
55598,EDITH,9448
55658,EDME,193
55660,EDMEE,621
55682,EDMOND,14850
55684,EDMONDE,888
55759,EDOUARD,19681
55764,EDOUARDO,127
55830,EDUARD,192
55835,EDUARDO,893
55894,EDWARD,1336
55918,EDWIGE,3699
55926,EDWIN,474
56159,EGIDIO,133
56188,EGLANTINE,496
56362,EILEEN,138
56499,EKATERINA,275
56578,EKREM,152
56594,EL,3346
56643,ELAINE,274
56787,ELDA,142
56844,ELEA,108
56848,ELEANOR,132
56916,ELENA,1996
56970,ELEONORA,153
56972,ELEONORE,2109
57062,ELFRIEDE,150
57175,ELI,210
57176,ELIA,357
57204,ELIAN,584
57213,ELIANE,16442
57217,ELIANNE,105
57234,ELIAS,707
57293,ELIE,13736
57333,ELIETTE,1255
57341,ELIF,163
57387,ELINA,240
57394,ELINE,209
57408,ELIO,390
57428,ELIOT,115
57431,ELIOTT,161
57447,ELISA,2459
57466,ELISABETE,159
57467,ELISABETH,29437
57477,ELISABETTA,113
57507,ELISE,11511
57509,ELISEE,365
57610,ELIZA,114
57618,ELIZABETH,2789
57670,ELKE,148
57701,ELLA,248
57722,ELLEN,398
57761,ELLIOT,167
57936,ELODIE,17380
57954,ELOI,1604
57972,ELOISE,1292
58075,ELSA,3503
58115,ELSIE,107
58219,ELVINA,128
58226,ELVIRA,299
58228,ELVIRE,768
58231,ELVIS,565
58279,ELYANE,400
58296,ELYES,119
58301,ELYETTE,108
58320,ELYSABETH,107
58321,ELYSE,205
58322,ELYSEE,211
58338,ELZA,101
58346,ELZBIETA,159
58421,EMANUEL,391
58422,EMANUELA,102
58423,EMANUELE,104
58427,EMANUELLE,120
58504,EMELIE,158
58511,EMELINE,2421
58520,EMELYNE,166
58564,EMERIC,1006
58603,EMI,122
58621,EMIL,380
58628,EMILE,45799
58640,EMILIA,1007
58648,EMILIE,22568
58651,EMILIEN,3090
58655,EMILIENNE,4081
58667,EMILIO,728
58692,EMILY,591
58699,EMIN,181
58703,EMINE,285
58711,EMIR,130
58740,EMMA,4179
58772,EMMANUEL,33279
58777,EMMANUELLA,128
58778,EMMANUELLE,15545
58814,EMMELINE,187
58861,EMMY,111
58908,EMRAH,127
58915,EMRE,115
59006,ENCARNACION,104
59173,ENGIN,131
59199,ENGUERRAND,120
59342,ENORA,173
59379,ENRICO,449
59388,ENRIQUE,670
59466,ENVER,128
59490,ENZO,1002
59531,EP,430
59577,EPHREM,116
59610,EPIPHANE,141
59645,EPS,442
59648,EPSE,1836
59857,ERCAN,223
59884,ERDAL,224
59926,ERDOGAN,128
60004,ERHAN,119
60021,ERIC,76752
60022,ERICA,341
60028,ERICH,162
60037,ERICK,2098
60038,ERICKA,183
60062,ERIK,1001
60063,ERIKA,1618
60134,ERKAN,230
60261,ERNA,196
60291,ERNEST,12658
60298,ERNESTINE,976
60301,ERNESTO,452
60325,ERNST,166
60338,EROL,265
60497,ERWAN,2816
60503,ERWANN,454
60514,ERWIN,456
60760,ESMERALDA,216
60824,ESPE,187
60836,ESPERANCE,264
60929,ESSAID,178
61093,ESTEBAN,394
61124,ESTELLE,8587
61146,ESTER,153
61194,ESTHER,3100
61412,ETIENNE,21144
61417,ETIENNETTE,885
61506,ETTORE,137
61569,EUDES,210
61613,EUGE,119
61616,EUGEN,302
61618,EUGENE,27954
61626,EUGENIA,284
61627,EUGENIE,6410
61633,EUGENIO,294
61678,EULALIE,456
61696,EULOGE,176
61762,EUPHRASIE,132
61845,EUSEBE,231
61848,EUSEBIO,158
61864,EUSTACHE,296
61921,EVA,4248
61946,EVAN,182
62011,EVARISTE,433
62023,EVE,2307
62043,EVELINE,1251
62060,EVELYN,182
62062,EVELYNE,20478
62231,EVRARD,150
62260,EWA,406
62357,EXPEDIT,392
62557,EZIO,140
62593,EZZEDINE,134
62648,FABIAN,568
62662,FABIEN,17927
62666,FABIENNE,16973
62678,FABIO,631
62679,FABIOLA,315
62716,FABRICE,27144
62745,FABRIZIO,235
62859,FADI,187
62872,FADILA,393
62886,FADIME,112
62911,FADMA,104
63019,FAHD,115
63097,FAICAL,253
63215,FAIZA,329
63620,FANNIE,122
63622,FANNY,9207
63648,FANTA,152
63671,FANY,220
63718,FAOUZI,786
63719,FAOUZIA,150
63753,FARAH,382
63876,FARES,454
63911,FARHAT,156
63947,FARID,4704
63948,FARIDA,1126
64075,FAROUK,566
64144,FARUK,146
64227,FATAH,225
64257,FATEH,195
64300,FATHI,717
64301,FATHIA,191
64338,FATIH,476
64339,FATIHA,1553
64357,FATIMA,5543
64364,FATIMATA,114
64404,FATMA,1735
64421,FATNA,234
64440,FATOU,357
64450,FATOUMATA,533
64583,FAUSTIN,349
64587,FAUSTINE,551
64588,FAUSTINO,120
64590,FAUSTO,171
64683,FAWZI,162
64706,FAYCAL,934
64889,FEDERICA,100
64893,FEDERICO,214
65130,FELICE,161
65133,FELICIA,378
65141,FELICIE,1068
65142,FELICIEN,1458
65145,FELICIENNE,173
65157,FELICITE,472
65185,FELIPE,360
65220,FELIX,12548
65494,FERDINAND,3459
65573,FERHAT,485
65589,FERID,116
65669,FERNAN,144
65673,FERNAND,31156
65674,FERNANDA,539
65676,FERNANDE,8096
65679,FERNANDES,183
65681,FERNANDEZ,137
65689,FERNANDO,4461
65775,FERREIRA,207
65934,FETHI,670
66155,FIDEL,104
66157,FIDELE,263
66275,FIKRET,102
66338,FILIP,112
66339,FILIPA,108
66341,FILIPE,1154
66356,FILIPPO,241
66367,FILIZ,117
66402,FILOMENA,169
66413,FILS,1361
66507,FIONA,766
66616,FIRMIN,2004
66834,FLAVIA,158
66840,FLAVIE,854
66842,FLAVIEN,1597
66846,FLAVIO,211
66882,FLEUR,867
66950,FLEURY,273
67011,FLORA,1705
67041,FLORE,1697
67043,FLOREAL,265
67065,FLORENCE,26301
67087,FLORENT,11750
67093,FLORENTIN,714
67094,FLORENTINA,111
67095,FLORENTINE,325
67126,FLORIAN,11258
67131,FLORIANE,1798
67134,FLORIANNE,139
67156,FLORIE,364
67177,FLORIMOND,201
67180,FLORIN,706
67181,FLORINA,100
67189,FLORINE,778
67201,FLORIS,150
67316,FODE,120
67333,FODIL,114
67690,FORTUNATO,125
67693,FORTUNE,868
67695,FORTUNEE,352
67771,FOUAD,1774
67823,FOUED,289
68039,FOUZI,162
68040,FOUZIA,411
68077,FRA,172
68113,FRADJI,125
68175,FRAN,283
68181,FRANC,764
68182,FRANCA,192
68184,FRANCAISE,129
68198,FRANCE,12924
68214,FRANCELINE,173
68230,FRANCES,315
68233,FRANCESCA,732
68242,FRANCESCO,1850
68262,FRANCETTE,1304
68286,FRANCIA,161
68291,FRANCIANE,186
68335,FRANCINE,13088
68355,FRANCIS,48683
68360,FRANCISCA,434
68364,FRANCISCO,4078
68367,FRANCISCUS,107
68385,FRANCISQUE,786
68395,FRANCK,39995
68406,FRANCKIE,130
68421,FRANCKY,509
68429,FRANCO,1548
68431,FRANCOI,542
68438,FRANCOIS,147682
68439,FRANCOISE,76362
68539,FRANK,2645
68553,FRANKLIN,284
68561,FRANKY,150
68587,FRANS,169
68649,FRANTZ,1676
68672,FRANZ,552
68768,FRED,1644
68783,FREDDY,3560
68808,FREDERIC,70596
68815,FREDERICK,1330
68819,FREDERICO,169
68832,FREDERIK,370
68841,FREDERIQUE,11261
68873,FREDJ,170
68882,FREDO,110
68902,FREDY,568
69074,FRIDA,129
69102,FRIEDA,212
69126,FRIEDRICH,172
69192,FRITZ,298
69408,FULBERT,290
69429,FULGENCE,104
69454,FULVIO,109
69638,GABIN,422
69664,GABR,102
69670,GABRI,105
69672,GABRIE,156
69673,GABRIEL,32018
69674,GABRIELA,509
69675,GABRIELE,331
69681,GABRIELLA,253
69682,GABRIELLE,10931
69704,GABY,906
69788,GAEL,4617
69794,GAELE,135
69804,GAELLE,8068
69815,GAETAN,6828
69818,GAETANE,743
69827,GAETANO,347
69958,GAIL,105
70132,GALINA,162
70281,GAMAL,115
70555,GARABED,112
70579,GARANCE,228
70627,GARCIA,257
70681,GARETH,102
70832,GARRY,355
70853,GARY,1141
70897,GASPAR,103
70899,GASPARD,930
70963,GASTON,21941
71006,GATIEN,294
71140,GAUTHIER,1233
71146,GAUTIER,806
71182,GAVIN,107
71248,GAYLORD,303
71405,GE,175
71710,GEMMA,192
71827,GENEVIEVE,27191
71910,GENNARO,176
72004,GEO,170
72016,GEOFFRAY,181
72019,GEOFFREY,3447
72027,GEOFFROY,1765
72061,GEOR,132
72074,GEORG,354
72076,GEORGE,2173
72097,GEORGES,118135
72112,GEORGET,346
72118,GEORGETTE,15333
72134,GEORGI,136
72135,GEORGIA,267
72156,GEORGINA,580
72159,GEORGINE,157
72167,GEORGIOS,117
72239,GERALD,8011
72248,GERALDINE,8884
72277,GERARD,116928
72288,GERARDINE,135
72294,GERARDO,164
72301,GERARDUS,146
72319,GERAUD,509
72356,GERDA,123
72409,GERHARD,264
72465,GERMA,123
72466,GERMAI,142
72471,GERMAIN,11113
72472,GERMAINE,15694
72516,GERMINAL,132
72564,GEROME,311
72611,GERSENDE,139
72658,GERTRUDE,458
72670,GERVAIS,1391
72671,GERVAISE,218
72708,GERY,450
72964,GHANIA,134
73004,GHASSAN,125
73088,GHEORGHE,760
73217,GHISLAIN,4399
73218,GHISLAINE,10439
73258,GHIZLANE,108
73391,GHYSLAIN,146
73392,GHYSLAINE,645
73434,GIACOMO,275
73470,GIAN,177
73481,GIANCARLO,216
73500,GIANFRANCO,131
73517,GIANLUCA,100
73533,GIANNI,482
73713,GIL,1343
73734,GILBERT,51226
73736,GILBERTE,7228
73745,GILBERTO,160
73762,GILDA,495
73768,GILDAS,1777
73800,GILETTE,218
73840,GILLE,191
73848,GILLES,48736
73857,GILLETTE,254
73862,GILLIAN,291
73961,GINA,822
73984,GINES,267
73998,GINETTE,15428
74032,GINO,1932
74124,GIORGIO,305
74159,GIOVANI,189
74167,GIOVANNA,432
74171,GIOVANNI,2888
74214,GIRARD,113
74321,GISELA,178
74326,GISELE,18890
74337,GISELLE,353
74354,GISLAIN,179
74355,GISLAINE,583
74437,GIULIA,215
74442,GIULIANO,124
74446,GIULIO,125
74463,GIUSEPPE,1874
74466,GIUSEPPINA,160
74576,GLADYS,1284
74685,GLENN,199
74755,GLORIA,599
75056,GODEFROY,337
75271,GOKHAN,248
75385,GOMES,118
75415,GONCALVES,134
75478,GONTRAN,333
75494,GONZAGUE,434
75502,GONZALO,151
75549,GORAN,201
75585,GORDON,248
75898,GOULVEN,206
76154,GRACE,522
76187,GRACIEUSE,257
76227,GRAHAM,455
76421,GRATIEN,394
76488,GRAZIA,165
76503,GRAZIELLA,1099
76586,GREGOIRE,4224
76591,GREGOR,118
76606,GREGORIO,160
76616,GREGORY,14707
76780,GRIGORE,115
77034,GRZEGORZ,270
77331,GUENAEL,257
77334,GUENAELLE,213
77406,GUENOLA,108
77407,GUENOLE,147
77490,GUERINO,108
77698,GUIDO,532
77774,GUILAIN,117
77775,GUILAINE,490
77803,GUILENE,112
77820,GUILHEM,931
77829,GUILHERME,153
77884,GUILLAUME,32794
77921,GUILLEMETTE,586
77949,GUILLERMO,213
78152,GUISEPPE,1017
78171,GUISLAIN,187
78172,GUISLAINE,201
78532,GUNTER,220
78535,GUNTHER,217
78682,GURVAN,103
78719,GUSTAVE,7642
78729,GUSTAVO,169
78792,GUY,83585
78825,GUYLAIN,104
78827,GUYLAINE,1548
78837,GUYLENE,631
78970,GWENAEL,1455
78975,GWENAELLE,2584
78992,GWENDAL,315
79012,GWENDOLINE,1379
79039,GWENN,137
79043,GWENNAELLE,140
79071,GWENOLA,491
79072,GWENOLE,120
79113,GWLADYS,564
79223,GYSLAINE,126
79264,HA,159
79347,HABIB,2069
79348,HABIBA,433
79441,HACENE,714
79458,HACHEMI,279
79503,HACI,273
79569,HADDA,164
79633,HADI,320
79647,HADIDJA,106
79682,HADJ,588
79714,HADJI,139
79758,HADRIEN,559
79823,HAFEDH,104
79845,HAFID,596
79846,HAFIDA,401
79984,HAI,388
80104,HAIM,407
80245,HAJAR,106
80307,HAKAN,363
80323,HAKIM,2134
80324,HAKIMA,305
80463,HALIL,516
80470,HALIM,389
80471,HALIMA,701
80485,HALINA,108
80498,HALIT,116
80577,HAMADA,106
80585,HAMADI,307
80671,HAMDI,282
80690,HAMED,912
80733,HAMID,2586
80734,HAMIDA,269
80750,HAMIDOU,174
80817,HAMMADI,110
80849,HAMMOU,152
80883,HAMOU,189
80942,HAMZA,1339
80958,HAN,110
80959,HANA,171
80986,HANAN,148
80988,HANANE,593
81066,HANG,108
81081,HANI,100
81153,HANNA,433
81160,HANNAH,279
81248,HANS,1111
81322,HAO,110
81453,HARALD,217
81738,HARMONIE,224
81740,HARMONY,151
81757,HAROLD,848
81773,HAROUN,124
81774,HAROUNA,155
81839,HARRY,1329
81904,HARUN,147
81947,HASAN,1174
82049,HASNA,156
82084,HASSAN,3214
82093,HASSANE,603
82113,HASSEN,1020
82141,HASSINA,141
82143,HASSINE,178
82200,HATEM,372
82216,HATICE,288
82411,HAWA,197
82457,HAYAT,353
82474,HAYDAR,142
82493,HAYET,195
82664,HE,178
82682,HEATHER,146
82754,HECTOR,1265
82789,HEDI,1248
82835,HEDWIGE,144
82932,HEIDI,408
82994,HEINRICH,191
83002,HEINZ,317
83078,HELDER,378
83100,HELEN,887
83101,HELENA,1529
83105,HELENE,48309
83142,HELGA,254
83279,HELMUT,283
83295,HELOISE,1120
83340,HELYETTE,101
83440,HEN,182
83492,HENDRIK,253
83523,HENG,139
83616,HENR,224
83619,HENRI,123219
83636,HENRICUS,106
83637,HENRIE,128
83647,HENRIETTE,14785
83671,HENRIQUE,565
83690,HENRY,7579
83696,HENRYK,143
83782,HERBERT,598
83964,HERMAN,352
83968,HERMANCE,169
83978,HERMANN,740
84041,HERMINE,591
84047,HERMINIE,104
84048,HERMINIO,127
84216,HERVE,34897
84223,HERVELINE,130
84494,HICHAM,1833
84495,HICHAME,107
84499,HICHEM,805
84565,HIEN,178
84625,HILAIRE,1265
84639,HILARIO,118
84645,HILARY,110
84652,HILDA,255
84806,HIND,242
84884,HIPPOLYTE,1289
85144,HO,136
85145,HOA,282
85152,HOANG,298
85207,HOCINE,2352
85479,HOMME,105
85525,HONG,535
85617,HONORAT,131
85621,HONORE,2237
85631,HONORINE,572
85689,HORACE,192
85691,HORACIO,178
85800,HORST,238
85815,HORTENSE,1084
85905,HOSSEIN,163
85973,HOUARI,292
86001,HOUCINE,514
86005,HOUDA,300
86126,HOUMADI,147
86205,HOURIA,628
86279,HOUSSAM,110
86303,HOUSSEM,133
86326,HOUSSINE,289
86422,HOWARD,175
86567,HUA,130
86656,HUBERT,21610
86659,HUBERTE,256
86711,HUE,100
86740,HUGH,169
86748,HUGO,4397
86771,HUGUES,9114
86778,HUGUETTE,11514
86789,HUI,118
86915,HULYA,127
86931,HUMBERT,384
86935,HUMBERTO,269
86973,HUNG,359
86997,HUONG,212
87089,HUSEYIN,1054
87121,HUSSAIN,231
87129,HUSSEIN,241
87169,HUU,186
87179,HUY,169
87228,HYACINTHE,893
87474,IAN,888
87657,IBRAHIM,2442
87658,IBRAHIMA,1039
87810,IDA,1970
87932,IDIR,479
87985,IDRIS,230
87989,IDRISS,467
87990,IDRISSA,193
88170,IGNACE,1109
88176,IGNACIO,257
88215,IGOR,1068
88282,IHSAN,127
88393,IKRAM,120
88438,ILAN,238
88439,ILANA,102
88483,ILDA,171
88525,ILEANA,108
88561,ILHAM,260
88567,ILHAN,133
88585,ILIAS,167
88600,ILIDIO,159
88602,ILIE,172
88769,ILONA,185
88787,ILSE,101
88822,ILYAS,242
88830,ILYES,195
88849,IMAD,547
88876,IMAN,118
88878,IMANE,385
88916,IMED,373
88929,IMEN,162
88932,IMENE,111
89041,IMRAN,106
89139,INCARNATION,151
89215,INDIVISION,136
89285,INES,2284
89325,INGE,126
89330,INGEBORG,129
89375,INGRID,4658
89427,INNA,115
89444,INNOCENT,226
89607,IOAN,754
89608,IOANA,237
89619,IOANNIS,111
89647,ION,825
89657,IONEL,259
89678,IONUT,323
89704,IOSIF,105
89776,IQBAL,112
89860,IRENA,185
89865,IRENE,10805
89866,IRENEE,1282
89892,IRFAN,174
89928,IRINA,694
89941,IRIS,732
89965,IRMA,1308
89992,IRMINE,107
90078,ISA,199
90081,ISAAC,1454
90100,ISABEL,1483
90107,ISABELLA,198
90108,ISABELLE,64561
90157,ISAIE,143
90175,ISALINE,112
90220,ISAURE,147
90373,ISIDORE,1531
90381,ISIDRO,127
90400,ISIS,122
90436,ISLAM,180
90466,ISMAEL,1530
90496,ISMAIL,1460
90555,ISMET,218
90642,ISRAEL,343
90657,ISSA,381
90683,ISSAM,597
90811,ISTVAN,120
90862,ITALO,247
90980,IULIAN,185
91020,IVAN,2298
91021,IVANA,168
91151,IVO,149
91204,IWONA,112
91452,JAC,105
91462,JACEK,240
91497,JACINTHE,107
91500,JACINTO,201
91506,JACK,3900
91520,JACKI,445
91523,JACKIE,4144
91542,JACKSON,208
91546,JACKY,21037
91565,JACOB,1491
91577,JACOBUS,165
91597,JACQ,155
91610,JACQU,112
91616,JACQUE,380
91632,JACQUELIN,229
91635,JACQUELINE,51031
91665,JACQUES,170488
91686,JACQUI,124
91688,JACQUIE,187
91716,JACQUY,317
91741,JADE,696
91945,JAIME,702
92045,JAKY,109
92054,JALAL,200
92068,JALEL,185
92123,JAMAA,128
92141,JAMAL,1379
92177,JAMEL,1168
92194,JAMES,7722
92214,JAMIL,175
92215,JAMILA,705
92286,JAN,1429
92287,JANA,140
92335,JANE,3159
92358,JANET,315
92366,JANETTE,126
92385,JANICE,129
92389,JANICK,931
92395,JANIE,187
92417,JANINA,127
92418,JANINE,10781
92425,JANIQUE,232
92478,JANNICK,550
92489,JANNINE,131
92494,JANNY,210
92550,JANUSZ,195
92555,JANVIER,140
92561,JANY,1025
92603,JAOUAD,503
92642,JAQUELINE,232
92646,JAQUES,134
92747,JAROSLAW,133
92836,JASMIN,176
92839,JASMINE,509
92853,JASON,1602
92990,JAVIER,518
93003,JAWAD,298
93086,JAYNE,180
93138,JE,164
93139,JEA,331
93168,JEAN,610184
93200,JEANE,107
93213,JEANETTE,313
93240,JEANINE,14664
93243,JEANINNE,133
93278,JEANN,209
93285,JEANNE,60363
93309,JEANNETTE,3341
93320,JEANNICK,424
93323,JEANNIE,365
93334,JEANNINE,17929
93357,JEANNOT,631
93363,JEANNY,190
93534,JEFF,288
93541,JEFFERSON,205
93551,JEFFREY,386
93586,JEHAN,303
93592,JEHANNE,187
93800,JENIFER,104
93827,JENNA,183
93851,JENNIFER,7609
93866,JENNY,1425
93869,JENNYFER,279
93888,JENS,106
93914,JEOFFREY,142
93988,JEREMI,116
93992,JEREMIE,4618
93997,JEREMY,14854
94065,JEROME,39879
94074,JEROMINE,122
94086,JERONIMO,124
94104,JERRY,420
94130,JERZY,254
94182,JESSE,149
94193,JESSICA,7345
94195,JESSIE,650
94212,JESSY,1581
94248,JESUS,1814
94498,JIAN,114
94675,JIE,118
94723,JIHAD,120
94731,JIHANE,135
94763,JILALI,155
94792,JILL,245
94814,JIM,626
94839,JIMMY,4860
94852,JIN,129
94879,JING,189
95203,JO,483
95213,JOACHIM,2770
95265,JOAN,968
95266,JOANA,309
95304,JOANNA,1259
95307,JOANNE,534
95310,JOANNES,981
95325,JOANNY,494
95334,JOAO,3553
95346,JOAQUIM,3810
95350,JOAQUIN,342
95412,JOCELIN,168
95414,JOCELINE,182
95426,JOCELYN,3149
95428,JOCELYNE,15087
95516,JOE,408
95534,JOEL,39622
95551,JOELLE,17370
95610,JOFFREY,854
95639,JOHAN,3941
95640,JOHANA,314
95655,JOHANN,2793
95656,JOHANNA,3199
95659,JOHANNE,651
95664,JOHANNES,1004
95712,JOHN,6856
95741,JOHNNY,2729
95752,JOHNY,548
95822,JOLANTA,132
95914,JON,151
95933,JONAS,686
95946,JONATHAN,14514
96116,JORDAN,3187
96119,JORDANE,525
96136,JORDI,275
96145,JORDY,322
96158,JORG,158
96161,JORGE,2861
96201,JORIS,1057
96235,JOS,370
96271,JOSE,38763
96282,JOSEE,2925
96284,JOSEF,340
96285,JOSEFA,387
96323,JOSELINE,231
96327,JOSELITO,270
96337,JOSELYNE,280
96355,JOSEP,616
96360,JOSEPH,117082
96361,JOSEPHA,619
96366,JOSEPHE,3405
96381,JOSEPHINE,8186
96423,JOSETTE,23438
96438,JOSHUA,206
96451,JOSIAN,422
96453,JOSIANE,17422
96458,JOSIANNE,332
96468,JOSIE,206
96531,JOSPEH,196
96546,JOSSE,101
96553,JOSSELIN,719
96554,JOSSELINE,412
96557,JOSSELYNE,290
96605,JOSUE,769
96616,JOSY,279
96620,JOSYANE,553
96919,JOY,480
96925,JOYCE,345
96967,JOZEF,305
97026,JUAN,2918
97027,JUANA,283
97044,JUANITA,134
97047,JUANITO,126
97127,JUDE,226
97140,JUDES,174
97149,JUDICAEL,351
97173,JUDITH,1852
97303,JUL,114
97337,JULES,18861
97349,JULI,126
97350,JULIA,5176
97352,JULIAN,1153
97353,JULIANA,404
97355,JULIANE,260
97379,JULIE,24210
97385,JULIEN,56752
97391,JULIENNE,2698
97402,JULIET,125
97409,JULIETTE,13403
97429,JULIO,958
97447,JULIUS,120
97535,JUN,152
97553,JUNE,102
97604,JUNIOR,464
97716,JURGEN,365
97791,JUST,234
97798,JUSTE,252
97813,JUSTIN,3254
97815,JUSTINE,5479
97848,JUTTA,107
98053,KACEM,235
98070,KACI,168
98085,KADA,144
98111,KADDOUR,402
98122,KADER,565
98147,KADIATOU,100
98181,KADIR,327
98340,KAHINA,237
98374,KAI,118
98441,KAIS,295
98812,KAMAL,1388
98894,KAMEL,4283
98941,KAMIL,274
99459,KARAMBA,126
99515,KAREL,239
99519,KARELLE,143
99526,KAREN,2537
99529,KARENE,149
99580,KARIM,8704
99581,KARIMA,1459
99594,KARIN,820
99595,KARINA,474
99598,KARINE,17920
99607,KARINNE,131
99625,KARL,2131
99693,KAROL,165
99707,KAROLINA,160
100007,KATARINA,125
100014,KATARZYNA,370
100029,KATE,210
100043,KATELL,376
100068,KATHARINA,202
100095,KATHERINE,580
100102,KATHIA,189
100119,KATHLEEN,577
100134,KATHRYN,209
100137,KATHY,612
100145,KATIA,4469
100160,KATIE,190
100201,KATJA,114
100234,KATRIN,110
100280,KATTY,143
100300,KATY,885
100411,KAY,127
100511,KAZIM,126
100797,KEITH,367
100900,KELLY,1509
100926,KELTOUM,129
100953,KEMAL,399
101022,KEN,267
101030,KENAN,257
101125,KENNETH,414
101137,KENNY,377
101185,KENZA,259
101333,KERIM,112
101434,KERSTIN,108
101645,KETTY,590
101682,KEVIN,15298
101825,KHADIDJA,182
101835,KHADIJA,1030
101886,KHADY,134
101959,KHALED,1663
101978,KHALID,2068
101983,KHALIFA,275
101988,KHALIL,581
102177,KHAN,142
102189,KHANH,124
102427,KHEDIDJA,230
102463,KHEIRA,592
102497,KHELIFA,310
102528,KHEMAIS,135
103172,KILIAN,160
103190,KILLIAN,273
103218,KIM,1451
103234,KIMBERLEY,180
103914,KLAUS,425
103935,KLEBER,1634
103940,KLEBERT,159
104210,KODJO,135
104243,KOFFI,271
104319,KOKOU,112
104537,KONRAD,119
104756,KOSSI,109
104883,KOUASSI,107
104963,KOUIDER,271
105342,KRIKOR,132
105427,KRISTEL,212
105429,KRISTELL,213
105451,KRISTINA,263
105561,KRYSTEL,137
105584,KRYSTYNA,119
105603,KRZYSZTOF,397
105769,KUMAR,146
105931,KURT,323
106212,LA,454
106601,LADISLAS,313
106682,LAETICIA,288
106688,LAETITIA,17547
106904,LAHBIB,170
106913,LAHCEN,1564
106914,LAHCENE,378
106996,LAHOUARI,367
107004,LAHOUCINE,636
107025,LAHOUSSINE,147
107038,LAHSEN,134
107077,LAID,549
107106,LAILA,652
107238,LAKDAR,206
107261,LAKHDAR,891
107481,LAM,128
107543,LAMBERT,699
107617,LAMIA,353
107632,LAMINE,820
107712,LAMRI,111
107735,LAN,334
107757,LANCELOT,107
107829,LANDRY,556
107859,LANG,106
108157,LARA,579
108186,LARBI,1574
108271,LARISSA,250
108352,LARRY,178
108353,LARS,101
108456,LASSAAD,198
108465,LASSANA,178
108513,LASZLO,163
108568,LATIFA,709
108750,LAURA,10744
108769,LAURANNE,140
108773,LAURE,17028
108791,LAUREEN,311
108811,LAURELINE,260
108820,LAUREN,505
108824,LAURENCE,32664
108843,LAURENE,725
108855,LAURENT,75947
108871,LAURENTIU,114
108888,LAURETTE,1120
108898,LAURIANE,1103
108900,LAURIANNE,503
108910,LAURIE,2489
108928,LAURINE,741
108964,LAURY,428
109153,LAWRENCE,280
109181,LAYACHI,144
109210,LAYLA,114
109243,LAZARE,673
109270,LAZHAR,319
109328,LE,909
109329,LEA,7301
109366,LEANDRE,942
109372,LEANDRO,159
109648,LEE,421
109763,LEGER,126
109915,LEILA,2472
110207,LENA,784
110212,LENAIC,151
110214,LENAIG,120
110313,LENNY,107
110346,LENY,117
110350,LEO,3322
110362,LEOCADIE,286
110405,LEON,29563
110406,LEONA,166
110409,LEONARD,2488
110417,LEONARDO,446
110424,LEONCE,1952
110441,LEONE,3099
110444,LEONEL,380
110473,LEONIDE,159
110483,LEONIE,2627
110502,LEONNE,281
110513,LEONOR,211
110516,LEONORE,155
110530,LEONTINE,1366
110552,LEOPOLD,3012
110558,LEOPOLDINE,167
110810,LESLEY,235
110813,LESLIE,2036
110819,LESLY,159
110897,LESZEK,104
110949,LETICIA,155
110964,LETIZIA,106
111090,LEVENT,102
111141,LEVY,116
111158,LEWIS,172
111198,LEYLA,169
111400,LI,226
111401,LIA,139
111446,LIANE,127
111691,LIDIA,399
111723,LIDWINE,148
111764,LIEN,149
111938,LILA,484
111948,LILAS,121
111965,LILI,157
111966,LILIA,415
111970,LILIAN,2025
111971,LILIANA,393
111972,LILIANE,15338
111977,LILIANNE,187
112053,LILY,246
112121,LIN,341
112122,LINA,1611
112149,LINDA,4000
112189,LINDSAY,438
112191,LINDSEY,104
112197,LINE,2741
112213,LINETTE,138
112271,LINH,123
112315,LINO,553
112386,LIONEL,20879
112403,LIONNEL,456
112507,LISA,2604
112542,LISBETH,139
112555,LISE,3757
112589,LISETTE,749
112602,LISIANE,271
112633,LISON,139
112788,LIVIA,290
112814,LIVIO,276
112816,LIVIU,143
112884,LIZA,170
113066,LLOYD,120
113096,LO,265
113103,LOAN,205
113149,LOC,198
113272,LOETITIA,281
113296,LOFTI,132
113302,LOGAN,234
113365,LOIC,14486
113371,LOICK,167
113401,LOIS,358
113472,LOLA,774
113492,LOLITA,620
113591,LONG,238
113695,LOPES,107
113696,LOPEZ,127
113763,LOREDANA,154
113797,LORENA,207
113804,LORENE,356
113832,LORENZO,804
113844,LORETTE,233
113862,LORIANE,154
113896,LORIS,406
113940,LORRAINE,793
114033,LOTFI,920
114080,LOU,1011
114151,LOUBNA,277
114238,LOUI,397
114283,LOUIS,159379
114284,LOUISA,1166
114297,LOUISE,34942
114306,LOUISETTE,3248
114317,LOUISIANE,122
114337,LOUISON,167
114361,LOUIZA,186
114418,LOUNES,356
114425,LOUNIS,196
114436,LOUP,824
114457,LOURDES,261
114718,LU,156
114818,LUC,38060
114819,LUCA,499
114828,LUCAS,3483
114832,LUCAY,150
114851,LUCE,1948
114881,LUCETTE,8980
114900,LUCI,148
114901,LUCIA,1278
114903,LUCIAN,217
114904,LUCIANA,226
114913,LUCIANO,770
114924,LUCIE,17990
114931,LUCIEN,57268
114939,LUCIENNE,16664
114964,LUCILE,3653
114973,LUCILLE,838
114983,LUCINDA,171
115003,LUCIO,177
115051,LUCRECE,145
115071,LUCY,502
115140,LUDIVINE,3890
115157,LUDMILA,144
115160,LUDMILLA,195
115190,LUDOVIC,20765
115235,LUDWIG,492
115340,LUIGI,1830
115365,LUIS,4399
115366,LUISA,509
115392,LUIZ,163
115412,LUKASZ,188
115416,LUKE,119
115634,LURDES,134
115864,LUZ,194
115921,LY,293
115968,LYAZID,121
116007,LYDIA,4258
116013,LYDIE,9084
116046,LYES,418
116080,LYLIAN,127
116082,LYLIANE,420
116116,LYNDA,914
116131,LYNE,316
116144,LYNN,235
116149,LYNNE,114
116171,LYONEL,214
116215,LYSE,209
116226,LYSIANE,1303
116325,MA,1204
116354,MAAMAR,257
116506,MABROUK,433
116660,MACIEJ,136
116789,MADANI,285
116826,MADDY,106
116850,MADELAINE,237
116852,MADELE,111
116853,MADELEI,112
116859,MADELEINE,34846
116880,MADELINE,250
116940,MADI,288
117029,MADISON,133
117059,MADJID,775
117175,MADY,226
117225,MAEL,808
117258,MAELLE,788
117271,MAELYS,143
117308,MAEVA,2032
117396,MAGALI,11136
117398,MAGALIE,3328
117409,MAGALY,413
117448,MAGDA,186
117456,MAGDALENA,730
117477,MAGDELEINE,527
117536,MAGGY,388
117559,MAGID,104
117593,MAGLOIRE,226
117713,MAGUY,703
117774,MAHAMADOU,425
117880,MAHDI,390
117941,MAHER,345
117976,MAHFOUD,373
118047,MAHJOUB,136
118084,MAHMOOD,110
118085,MAHMOUD,1272
118102,MAHMUT,271
118171,MAHREZ,110
118236,MAI,358
118237,MAIA,192
118280,MAIDER,106
118399,MAILYS,356
118420,MAIMOUNA,193
118475,MAIRE,135
118527,MAITE,1245
118569,MAIWENN,144
118600,MAJDA,117
118640,MAJID,445
118799,MAKHLOUF,250
118858,MAKLOUF,157
118903,MAKRAM,132
119094,MALCOLM,237
119129,MALEK,595
119186,MALGORZATA,302
119223,MALICK,308
119247,MALIK,1464
119248,MALIKA,3105
119363,MALLORY,191
119380,MALO,190
119401,MALORIE,156
119403,MALORY,130
119460,MALVINA,349
119493,MAMA,170
119512,MAMADOU,2261
119593,MAME,118
119678,MAMODE,153
119708,MAMOUDOU,135
119758,MAMY,102
119760,MAN,147
120011,MANDY,405
120031,MANEL,112
120070,MANFRED,416
120380,MANOEL,186
120427,MANON,4531
120560,MANSOUR,583
120647,MANUEL,24027
120648,MANUELA,1570
120658,MANUELLA,904
120659,MANUELLE,398
120867,MAR,1313
120868,MARA,123
120978,MARC,86332
121004,MARCE,385
121008,MARCEAU,2690
121015,MARCEL,119240
121016,MARCELA,166
121032,MARCELIN,573
121034,MARCELINE,801
121037,MARCELINO,156
121043,MARCELL,108
121044,MARCELLA,121
121045,MARCELLE,25192
121058,MARCELLIN,849
121060,MARCELLINE,714
121066,MARCELLO,219
121076,MARCELO,199
121149,MARCIA,138
121176,MARCIN,243
121202,MARCO,1737
121218,MARCOS,248
121239,MARCUS,238
121287,MARDOCHE,140
121288,MARDOCHEE,202
121337,MAREK,415
121387,MAREVA,102
121428,MARGARET,1261
121429,MARGARETA,103
121431,MARGARETH,243
121432,MARGARETHA,120
121439,MARGARIDA,168
121445,MARGARITA,282
121458,MARGAUX,2179
121514,MARGOT,1479
121555,MARGUERIT,100
121558,MARGUERITE,23281
121571,MARGUERITTE,396
121608,MARI,1357
121609,MARIA,26671
121653,MARIAM,537
121654,MARIAMA,366
121663,MARIAME,295
121672,MARIAN,869
121673,MARIANA,561
121677,MARIANE,421
121702,MARIANNA,184
121704,MARIANNE,6559
121710,MARIANNICK,225
121719,MARIANO,682
121822,MARIE,417607
121876,MARIEKE,102
121879,MARIEL,110
121894,MARIELLE,2658
121907,MARIEM,142
121913,MARIEN,171
121952,MARIETTA,127
121953,MARIETTE,1237
121989,MARIJA,109
122006,MARIKA,293
122025,MARILENE,134
122067,MARILYN,896
122068,MARILYNE,1399
122084,MARIN,863
122085,MARINA,5178
122095,MARINE,10023
122114,MARINETTE,2321
122134,MARINO,357
122145,MARIO,7811
122157,MARION,13565
122178,MARIS,143
122179,MARISA,248
122186,MARISE,176
122249,MARIUS,15643
122253,MARIUSZ,223
122345,MARJOLAINE,734
122358,MARJORIE,3786
122364,MARJORY,171
122368,MARK,1444
122396,MARKO,158
122402,MARKUS,205
122423,MARLENE,4824
122462,MARLON,108
122491,MARLYSE,327
122604,MAROUAN,100
122606,MAROUANE,276
122665,MARQUES,110
122774,MARTA,626
122805,MARTHA,438
122806,MARTHE,11352
122836,MARTIAL,8615
122870,MARTIN,8733
122871,MARTINA,316
122877,MARTINE,50629
122893,MARTINEZ,119
122896,MARTINHO,104
122906,MARTINO,104
122914,MARTINS,169
123015,MARVIN,698
123029,MARWAN,199
123048,MARY,2994
123051,MARYAM,199
123055,MARYAN,102
123070,MARYANNICK,192
123123,MARYLENE,2557
123129,MARYLIN,258
123130,MARYLINE,4962
123135,MARYLISE,419
123144,MARYLOU,103
123155,MARYNE,119
123178,MARYSE,14324
123210,MARYVONNE,5251
123586,MASSIMILIANO,106
123589,MASSIMO,372
123597,MASSINISSA,166
123803,MATEO,184
123875,MATHIAS,3202
123884,MATHIEU,20083
123895,MATHILDA,117
123896,MATHILDE,10556
123914,MATHIS,253
123942,MATHURIN,855
123960,MATIAS,142
124078,MATTEO,413
124093,MATTHEW,525
124097,MATTHIAS,1069
124099,MATTHIEU,9603
124191,MAUD,5410
124194,MAUDE,580
124283,MAUR,136
124300,MAUREEN,588
124327,MAURI,162
124334,MAURIC,218
124338,MAURICE,91087
124351,MAURICETTE,7795
124367,MAURICIO,176
124391,MAURILLE,163
124423,MAURIZIO,288
124428,MAURO,345
124612,MAX,11766
124641,MAXENCE,1686
124663,MAXIM,143
124668,MAXIME,20681
124690,MAXIMILIEN,1346
124693,MAXIMILIENNE,150
124703,MAXIMIN,822
124750,MAY,479
124751,MAYA,455
124895,MAYLIS,379
125230,MBAYE,118
125487,MEBAREK,151
125595,MEDARD,336
125618,MEDDY,114
125647,MEDERIC,430
125677,MEDHI,512
125850,MEGAN,151
125851,MEGANE,723
125971,MEHDI,5343
125980,MEHDY,131
126048,MEHMET,2514
126091,MEHREZ,111
126134,MEI,122
126361,MEKKI,208
126396,MELAINE,218
126410,MELANIE,12838
126417,MELANY,107
126440,MELCHIOR,172
126566,MELINA,840
126567,MELINDA,559
126570,MELINE,134
126579,MELISA,101
126582,MELISANDE,103
126589,MELISSA,3333
126691,MELODIE,1064
126693,MELODY,645
126756,MELVIN,219
127016,MENG,210
127295,MERCEDES,937
127462,MERIEM,669
127606,MEROUANE,112
127720,MERY,104
127730,MERYEM,271
127738,MERYL,215
127757,MERZOUK,101
127815,MESMIN,198
127878,MESSAOUD,1157
127879,MESSAOUDA,297
127974,MESUT,220
128041,METIN,342
128173,MEVLUT,196
128206,MEYER,700
128294,MEZIANE,351
128385,MHAMED,166
128435,MI,122
128537,MICAEL,208
128582,MICH,166
128587,MICHAEL,16407
128588,MICHAELA,220
128596,MICHAELLE,115
128614,MICHAL,258
128639,MICHE,245
128649,MICHEL,275678
128659,MICHELE,42346
128683,MICHELINE,12882
128697,MICHELLE,18870
128805,MICKAEL,19476
128814,MICKAELLE,145
129080,MIGUEL,4137
129107,MIHAELA,391
129109,MIHAI,466
129111,MIHAIL,254
129240,MIKAEL,2874
129249,MIKAIL,116
129272,MIKE,1146
129295,MIKHAIL,106
129391,MILAN,446
129465,MILENA,287
129466,MILENE,236
129689,MILOUD,1274
129783,MIMOUN,684
129800,MIN,115
129801,MINA,633
129903,MING,196
129958,MINH,655
130131,MIODRAG,129
130168,MIRA,121
130223,MIRANDA,152
130254,MIRCEA,196
130282,MIREILLE,18981
130299,MIRELA,151
130306,MIRELLA,287
130356,MIRIAM,305
130412,MIRKO,140
130459,MIROSLAV,211
130464,MIROSLAW,159
130974,MME,443
131038,MOANA,107
131164,MODESTE,526
131196,MODOU,220
131262,MOEZ,181
131317,MOHA,161
131339,MOHAMAD,345
131345,MOHAMADI,112
131347,MOHAMADOU,101
131364,MOHAMED,40191
131403,MOHAMMAD,1146
131420,MOHAMMED,8823
131445,MOHAND,2323
131594,MOHSEN,459
131748,MOISE,3789
131750,MOISES,104
131753,MOISETTE,140
131880,MOKHTAR,939
131912,MOKRANE,400
131922,MOKTAR,316
132103,MONA,413
132154,MONCEF,624
132202,MONDHER,179
132266,MONETTE,122
132299,MONGI,363
132330,MONIA,493
132332,MONICA,866
132350,MONIKA,646
132373,MONIQUE,57888
132385,MONIR,108
132747,MONTSERRAT,173
132841,MOR,154
132846,MORAD,666
132988,MORENO,105
133010,MORGAN,2929
133012,MORGANE,4841
133291,MOSHE,141
133339,MOSTAFA,852
133344,MOSTAPHA,212
133348,MOSTEFA,387
133641,MOUHAMADOU,191
133646,MOUHAMED,105
133807,MOULAY,521
133810,MOULDI,188
133868,MOULOUD,1381
133916,MOUNA,323
133975,MOUNIA,342
133994,MOUNIR,1869
133995,MOUNIRA,193
134057,MOURAD,3384
134214,MOUSSA,2346
134300,MOUSTAFA,193
134314,MOUSTAPHA,621
134668,MUAMMER,120
134806,MUGUETTE,728
134826,MUHAMMAD,217
134827,MUHAMMED,113
134830,MUHAMMET,162
134839,MUHARREM,108
135267,MURAT,1034
135315,MURIEL,12194
135317,MURIELE,122
135321,MURIELLE,5262
135393,MUSA,300
135501,MUSTAFA,2123
135516,MUSTAPHA,5210
135624,MUZAFFER,134
135705,MY,230
135793,MYLENE,2993
135884,MYRIAM,13179
135886,MYRIAME,132
135956,MYRTILLE,212
136089,NABIL,3071
136090,NABILA,405
136161,NACER,697
136162,NACERA,348
136179,NACEUR,328
136224,NACIM,180
136233,NACIRA,117
136256,NADA,187
136299,NADEGE,6611
136315,NADER,199
136364,NADIA,10103
136386,NADIEGE,123
136407,NADIM,106
136414,NADINE,18695
136418,NADIR,839
136419,NADIRA,103
136433,NADJA,107
136464,NADJIB,139
136964,NAIM,316
136965,NAIMA,1446
137048,NAJAT,322
137073,NAJET,148
137081,NAJI,122
137082,NAJIA,217
137084,NAJIB,528
137104,NAJIM,184
137138,NAJOUA,110
137276,NAM,155
137408,NANCY,1663
137527,NANS,157
137608,NAOMI,278
137620,NAOUAL,134
137632,NAOUFEL,130
137688,NAPOLEON,206
137774,NARCISSE,1014
138114,NASR,115
138127,NASREDDINE,182
138198,NASSER,1004
138199,NASSERA,218
138233,NASSIM,861
138234,NASSIMA,323
138246,NASSIRA,151
138322,NASTASIA,127
138344,NATACHA,4345
138361,NATALE,104
138365,NATALIA,911
138368,NATALIE,428
138404,NATASHA,153
138460,NATHALIA,110
138462,NATHALIE,58841
138487,NATHAN,1451
138488,NATHANAEL,677
138490,NATHANAELLE,125
138505,NATHANIEL,208
138794,NAWAL,242
138811,NAWEL,214
138943,NAZAIRE,246
139025,NAZIHA,143
139033,NAZIM,180
139189,NDEYE,155
139426,NECATI,128
139600,NEE,193
139778,NEIGE,108
139790,NEIL,464
139842,NEJIB,175
139933,NELLA,153
139950,NELLO,173
139955,NELLY,10229
139983,NELSON,1104
140074,NENAD,130
140340,NESRINE,129
140364,NESSIM,349
140396,NESTOR,671
140623,NEZHA,130
140661,NGA,156
140812,NGOC,736
140922,NGUYEN,177
141119,NICAISE,332
141180,NICHOLAS,766
141223,NICKY,119
141232,NICO,116
141241,NICODEME,119
141256,NICOL,124
141257,NICOLA,761
141261,NICOLAE,566
141276,NICOLAS,69168
141291,NICOLE,47367
141299,NICOLETA,162
141302,NICOLETTE,157
141316,NICOLLE,684
141413,NIELS,169
141452,NIGEL,331
141491,NIHAT,174
141552,NIKITA,129
141573,NIKOLA,207
141591,NIKOLAY,110
141695,NILS,441
141758,NINA,1531
141818,NINO,290
141819,NINON,251
141927,NIRINA,160
142239,NIZAR,381
142424,NOAM,145
142523,NOE,718
142527,NOEL,23406
142533,NOELE,235
142540,NOELIE,586
142545,NOELINE,114
142555,NOELLA,801
142559,NOELLE,9487
142563,NOELLIE,185
142582,NOEMI,169
142584,NOEMIE,3731
142789,NOLWEN,109
142791,NOLWENN,897
142841,NONCE,107
142958,NORA,1483
143008,NORBERT,8053
143013,NORBERTO,137
143044,NORDINE,1549
143116,NORIA,109
143182,NORMA,190
143184,NORMAN,409
143345,NOUARA,136
143516,NOUR,367
143517,NOURA,384
143558,NOURDINE,455
143574,NOUREDDINE,1581
143579,NOUREDINE,372
143614,NOURIA,138
143679,NOURREDINE,596
144094,NUMA,212
144122,NUNO,472
144135,NUNZIO,107
144174,NURETTIN,130
144187,NURI,185
144188,NURIA,139
144648,OCEANE,1532
144684,OCTAVE,2190
144692,OCTAVIE,342
144699,OCTAVIO,116
144800,ODETTE,20609
144827,ODILE,17674
144845,ODILON,131
144886,ODON,118
145306,OKSANA,104
145314,OKTAY,125
145339,OLAF,107
145436,OLEG,264
145463,OLENA,142
145494,OLFA,128
145500,OLGA,3650
145604,OLIVE,277
145606,OLIVEIRA,170
145610,OLIVER,405
145626,OLIVIA,3851
145634,OLIVIER,64338
145682,OLLIVIER,277
145837,OLYMPE,392
145872,OMAR,3603
145894,OMBELINE,143
145918,OMER,1887
146061,ONDINE,114
146108,ONESIME,112
146306,OPHELIA,115
146307,OPHELIE,2328
146386,ORANE,139
146512,ORESTE,190
146559,ORHAN,335
146577,ORIANE,569
146580,ORIANNE,247
146673,ORLANDO,583
146674,ORLANE,294
146728,ORNELLA,514
146940,OSCAR,1776
147015,OSMAN,811
147153,OSVALDO,147
147157,OSWALD,250
147225,OTHMAN,274
147226,OTHMANE,196
147235,OTHON,116
147253,OTMANE,117
147302,OTTO,271
147397,OUAHIBA,112
147398,OUAHID,111
147438,OUALI,133
147439,OUALID,438
147489,OUARDA,181
147494,OUARDIA,100
147811,OUIZA,112
147914,OUMAR,645
147989,OUMOU,109
148103,OURDIA,127
148127,OURIDA,121
148183,OUSMANE,652
148202,OUSSAMA,452
148222,OUSSENI,132
148387,OVIDE,105
148393,OVIDIU,170
148439,OWEN,111
148525,OZCAN,141
148557,OZGUR,148
148574,OZKAN,115
148582,OZLEM,118
148602,PA,112
148621,PABLO,909
148687,PACO,156
148689,PACOME,145
149050,PALMIRA,106
149061,PALMYRE,275
149064,PALOMA,164
149108,PAMELA,1227
149329,PAOLA,992
149346,PAOLO,1139
149360,PAPA,244
149428,PAQUERETTE,258
149443,PAQUITA,147
149601,PARFAIT,319
149872,PASCAL,76471
149874,PASCALE,22623
149889,PASCALINE,1825
149970,PASQUALE,434
150098,PATERNE,107
150204,PATRIC,208
150210,PATRICE,35138
150217,PATRICIA,35143
150227,PATRICIO,160
150232,PATRICK,105836
150262,PATRIK,101
150276,PATRIZIA,126
150336,PAU,138
150354,PAUL,138239
150355,PAULA,1371
150362,PAULE,13663
150377,PAULETTE,23587
150402,PAULIN,762
150403,PAULINA,146
150405,PAULINE,12929
150435,PAULO,2284
150498,PAVEL,184
150552,PAWEL,352
150719,PEDRO,2222
150765,PEGGY,2672
150889,PELAGIE,190
151035,PENELOPE,437
151154,PEPIN,138
151243,PERE,193
151251,PEREIRA,204
151271,PEREZ,120
151350,PERLE,212
151476,PERRINE,2224
151640,PETAR,148
151657,PETER,3721
151690,PETIT,110
151720,PETRA,391
151775,PETRONILLE,109
151791,PETRU,305
151795,PETRUS,319
152302,PHILBERT,103
152313,PHILEMON,136
152327,PHILIBERT,668
152354,PHILIP,1218
152357,PHILIPE,186
152367,PHILIPP,225
152368,PHILIPPA,129
152369,PHILIPPE,152856
152384,PHILIPPINE,494
152409,PHILLIP,140
152411,PHILLIPE,303
152417,PHILLIPPE,133
152446,PHILOMENE,924
152600,PHONG,101
152771,PHUOC,100
152775,PHUONG,333
152810,PI,130
152811,PIA,375
152930,PIE,115
152965,PIER,298
153001,PIERETTE,349
153050,PIERO,110
153053,PIERR,407
153061,PIERRE,306232
153103,PIERRETTE,14191
153116,PIERRIC,205
153118,PIERRICK,2781
153127,PIERRINE,107
153134,PIERROT,482
153168,PIETER,222
153192,PIETRO,831
153255,PILAR,614
153365,PING,172
153446,PIOTR,543
153696,PLACIDE,311
154064,POL,853
155228,PRESCILLIA,296
155404,PRIMO,204
155411,PRINCE,106
155460,PRISCA,626
155472,PRISCILLA,1419
155475,PRISCILLE,307
155476,PRISCILLIA,571
155540,PRIVAT,185
155673,PROSPER,1936
155745,PRUDENCE,158
155749,PRUDENT,182
155767,PRUNE,168
155927,PULCHERIE,111
156382,QUANG,298
156507,QUENTIN,6520
156724,QUITTERIE,150
156741,QUOC,183
156799,RABAH,2425
156883,RABIA,488
156897,RABIE,102
156990,RACHED,124
156995,RACHEL,6815
156997,RACHELE,146
157002,RACHELLE,475
157013,RACHID,7216
157014,RACHIDA,992
157133,RADHIA,125
157144,RADHOUANE,101
157159,RADIA,166
157304,RADOUAN,101
157305,RADOUANE,312
157321,RADU,236
157363,RAFAEL,995
157383,RAFAL,160
157420,RAFFAELE,248
157477,RAFIK,600
157709,RAHIM,127
157741,RAHMA,218
157881,RAIMUNDO,100
157892,RAINER,171
157917,RAISSA,244
157942,RAJA,159
158206,RALF,158
158248,RALPH,557
158357,RAMAZAN,741
158387,RAMDANE,649
158448,RAMI,161
158487,RAMIRO,211
158525,RAMON,905
158526,RAMONA,232
158622,RAMZI,573
158729,RANDY,104
158770,RANIA,137
158879,RAOUF,317
158888,RAOUL,8563
158929,RAPHAEL,15169
158931,RAPHAELE,518
158936,RAPHAELLE,1582
158989,RAQUEL,293
159363,RAUL,299
159531,RAY,133
159537,RAYAN,245
159540,RAYANE,152
159589,RAYM,118
159601,RAYMO,130
159606,RAYMON,233
159607,RAYMOND,72327
159611,RAYMONDE,18206
159644,RAYNALD,617
159830,RE,138
159893,REBECCA,1900
159971,RECEP,214
160025,REDA,857
160060,REDHA,185
160104,REDOUANE,699
160244,REGINA,664
160246,REGINALD,315
160253,REGINE,10272
160262,REGIS,17548
160427,REINE,4659
160495,REJANE,1534
160639,REMI,13986
160717,REMO,165
160752,REMY,16382
160766,REN,163
160777,RENALD,425
160783,RENALDO,102
160793,RENAN,259
160805,RENATA,284
160807,RENATE,220
160809,RENATO,545
160814,RENAUD,5319
160843,RENE,143524
160849,RENEE,31066
161034,RENZO,235
161411,REYNALD,946
161449,REZA,321
161494,REZKI,133
161732,RIAD,530
161734,RIADH,369
161791,RIBEIRO,104
161833,RICARDO,1292
161846,RICCARDO,189
161872,RICHARD,25272
161976,RICO,146
161986,RIDA,270
162012,RIDHA,738
162158,RIGOBERT,282
162269,RIM,192
162270,RIMA,128
162303,RINA,211
162311,RINALDO,132
162353,RINGO,106
162370,RINO,199
162527,RITA,1847
162700,RIZA,137
162771,RO,134
162844,ROBER,148
162853,ROBERT,116776
162854,ROBERTA,186
162858,ROBERTE,2925
162879,ROBERTO,1519
162911,ROBIN,2834
162924,ROBINSON,102
162971,ROCCO,524
162977,ROCH,753
163046,ROCK,117
163058,ROCKY,161
163128,RODICA,148
163156,RODNEY,134
163171,RODOLFO,138
163180,RODOLPHE,5403
163208,RODRIGO,277
163210,RODRIGUE,1455
163211,RODRIGUES,198
163212,RODRIGUEZ,116
163323,ROGER,107983
163327,ROGERIO,248
163514,ROLAND,38871
163518,ROLANDE,5502
163545,ROLF,256
163568,ROLLAND,2039
163569,ROLLANDE,210
163612,ROMAIN,21303
163614,ROMAINE,226
163624,ROMAN,823
163633,ROMANE,397
163653,ROMANO,183
163669,ROMARIC,604
163719,ROMEO,743
163789,ROMUALD,3478
163810,ROMY,268
163825,RONALD,1186
163834,RONAN,1960
163951,RONNY,125
163962,RONY,335
164062,ROSA,2627
164074,ROSAIRE,381
164086,ROSALIA,127
164088,ROSALIE,1690
164124,ROSAN,222
164142,ROSANNA,158
164152,ROSARIA,192
164154,ROSARIO,664
164177,ROSE,13746
164226,ROSELINE,2318
164248,ROSELYNE,4120
164266,ROSEMARIE,146
164269,ROSEMARY,242
164292,ROSEMONDE,290
164336,ROSETTE,1142
164424,ROSINA,108
164430,ROSINE,1472
164442,ROSITA,337
164494,ROSS,113
164588,ROSY,178
165086,ROXANA,181
165087,ROXANE,1387
165089,ROXANNE,220
165101,ROY,387
165174,ROZENN,547
165277,RUBEN,729
165352,RUDDY,573
165361,RUDI,158
165383,RUDOLF,354
165389,RUDOLPH,206
165390,RUDOLPHE,121
165401,RUDY,3185
165442,RUFIN,125
165486,RUI,951
165721,RUSLAN,109
165742,RUSSELL,108
165780,RUTH,917
165868,RYAD,197
165875,RYAN,240
165963,RYSZARD,140
166016,SAAD,591
166038,SAADI,188
166039,SAADIA,379
166110,SABAH,356
166129,SABAN,157
166145,SABAS,131
166216,SABER,290
166260,SABIN,132
166261,SABINA,169
166262,SABINE,11038
166340,SABRI,508
166354,SABRINA,10430
166355,SABRINE,168
166393,SACHA,1124
166525,SADEK,203
166551,SADI,192
166552,SADIA,311
166574,SADIK,109
166587,SADIO,112
166630,SADOK,402
166765,SAFIA,366
166989,SAHBI,126
167038,SAHIN,156
167152,SAID,8137
167153,SAIDA,788
167186,SAIDOU,116
167303,SAINDOU,136
167317,SAINT,389
167328,SAINTE,156
167516,SAKINA,185
167598,SALAH,3167
167726,SALEM,1242
167809,SALIH,250
167810,SALIHA,457
167820,SALIM,1925
167821,SALIMA,730
167825,SALIMATA,121
167853,SALIOU,116
167907,SALLY,274
167914,SALMA,165
167948,SALOME,737
167960,SALOMON,1129
167978,SALOUA,148
168032,SALVADOR,833
168049,SALVATOR,344
168051,SALVATORE,2404
168090,SAM,474
168141,SAMANTHA,1613
168184,SAMBA,474
168283,SAMI,1904
168284,SAMIA,1509
168322,SAMIR,4585
168323,SAMIRA,1471
168372,SAMMY,255
168476,SAMSON,397
168499,SAMUEL,11366
168526,SAMY,1628
168538,SANA,233
168539,SANAA,191
168548,SANAE,122
168587,SANCHEZ,108
168660,SANDIE,563
168696,SANDOR,110
168705,SANDRA,14492
168742,SANDRINA,117
168743,SANDRINE,33343
168753,SANDRO,463
168766,SANDY,2074
168790,SANG,116
169026,SANTA,138
169084,SANTIAGO,467
169113,SANTO,272
169126,SANTOS,411
169291,SARA,1867
169317,SARAH,11892
169553,SARKIS,199
169625,SARRA,180
169695,SASA,112
169729,SASKIA,140
169747,SASSI,138
169940,SATURNIN,312
169996,SAUL,109
170102,SAUVEUR,2370
170194,SAVERIO,158
170388,SAYED,121
170531,SCARLETT,112
170803,SCHOLASTIQUE,128
170951,SCOTT,261
171010,SEAN,243
171075,SEBASTIAN,546
171079,SEBASTIANO,124
171084,SEBASTIEN,52977
171088,SEBASTIENNE,133
171241,SEDAT,132
171253,SEDDIK,182
171479,SEGHIR,148
171501,SEGOLENE,809
171776,SEKOU,293
171797,SELAHATTIN,134
171884,SELIM,670
171956,SELMA,282
172325,SENG,161
172533,SEPHORA,147
172592,SERAFIN,121
172626,SERAPHIN,758
172628,SERAPHINE,204
172666,SERDAR,157
172698,SERENA,207
172725,SERGE,63031
172756,SERGHEI,134
172772,SERGINE,359
172776,SERGIO,1289
172780,SERGIU,261
172795,SERGUEI,118
172844,SERIGNE,203
172888,SERKAN,188
173002,SERVAIS,221
173009,SERVANE,357
173290,SEVERIN,722
173292,SEVERINE,11985
173295,SEVERINO,109
173418,SEYDOU,133
174229,SHARON,311
174396,SHEILA,235
174858,SHIRLEY,591
175320,SI,198
175471,SIBYLLE,254
175497,SID,233
175583,SIDI,431
175622,SIDNEY,353
175631,SIDONIE,788
175657,SIDY,133
175686,SIEGFRIED,368
175873,SIGRID,331
175901,SIHAM,423
175908,SIHEM,216
176104,SILVA,505
176107,SILVAIN,152
176113,SILVANA,275
176123,SILVANO,156
176135,SILVERE,287
176150,SILVIA,823
176167,SILVIO,435
176238,SIMEON,610
176312,SIMON,16956
176313,SIMONA,268
176319,SIMONE,33029
176340,SIMONNE,1915
176366,SIMPLICE,147
176398,SINAN,207
176452,SINDY,213
176633,SION,164
177222,SIXTINE,123
177277,SKANDER,121
177341,SLAH,102
177426,SLAWOMIR,165
177457,SLIM,382
177463,SLIMAN,185
177465,SLIMANE,1346
177500,SLOBODAN,164
177568,SMAIL,1022
177577,SMAIN,265
177782,SOAZIG,208
177967,SOFIA,922
177972,SOFIAN,450
177975,SOFIANE,2235
177982,SOFIEN,163
177983,SOFIENE,129
178245,SOIZIC,675
178411,SOLANGE,12127
178449,SOLEDAD,221
178475,SOLEN,153
178479,SOLENE,1694
178483,SOLENN,319
178485,SOLENNE,505
178546,SOLINE,241
178653,SOLVEIG,156
178894,SON,151
178946,SONG,105
178987,SONIA,10767
179005,SONJA,192
179035,SONNY,259
179067,SONY,323
179068,SONYA,102
179227,SOPHIA,1077
179232,SOPHIANE,136
179236,SOPHIE,43363
179321,SORAYA,924
179377,SORIN,274
179473,SOSTHENE,212
179555,SOUAD,800
179718,SOUFIAN,108
179720,SOUFIANE,714
179807,SOUHILA,128
179965,SOULEYMANE,357
180051,SOUMAYA,117
180068,SOUMIA,199
180321,SOUSA,110
180876,STACY,164
180988,STANIS,104
181000,STANISLAS,3543
181008,STANISLAW,282
181009,STANISLAWA,139
181025,STANLEY,327
181043,STANY,111
181169,STEEVE,1697
181170,STEEVEN,210
181186,STEFAN,1064
181193,STEFANIA,168
181195,STEFANIE,163
181206,STEFANO,419
181293,STELLA,1329
181374,STEPHAN,3304
181379,STEPHANE,63879
181389,STEPHANIE,34165
181412,STEPHEN,2090
181486,STEVAN,103
181492,STEVE,3838
181496,STEVEN,3216
181505,STEVENS,285
181531,STEWART,131
181817,STUART,418
182260,SUKRU,165
182306,SULEYMAN,436
182350,SULLIVAN,368
182358,SULLY,527
182371,SULTAN,156
182817,SUSAN,964
182818,SUSANA,269
182823,SUSANNA,117
182825,SUSANNE,298
182984,SUZAN,166
182986,SUZANE,129
182990,SUZANNA,129
182993,SUZANNE,29957
183012,SUZEL,138
183016,SUZELLE,152
183025,SUZETTE,1157
183033,SUZIE,329
183045,SUZY,940
183076,SVEN,199
183102,SVETLANA,392
183173,SWANN,149
183259,SYBILLE,466
183280,SYDNEY,301
183393,SYLVAIN,28830
183395,SYLVAINE,1759
183403,SYLVANA,276
183411,SYLVANIE,120
183419,SYLVANO,119
183441,SYLVERE,569
183460,SYLVESTRE,1159
183469,SYLVETTE,2305
183471,SYLVIA,3546
183476,SYLVIAN,146
183478,SYLVIANE,7106
183482,SYLVIANNE,404
183485,SYLVIE,56603
183501,SYLVINE,159
183507,SYLVIO,459
183983,TADEUSZ,232
184116,TAHA,153
184126,TAHAR,2070
184161,TAHIR,152
184219,TAI,126
184239,TAIEB,388
184596,TAM,174
184625,TAMARA,498
184774,TAN,203
184861,TANGUY,1372
184870,TANIA,1170
184981,TANYA,121
185028,TAOUFIK,683
185052,TAOUS,128
185105,TARAK,103
185171,TAREK,833
185204,TARIK,1118
185217,TARIQ,128
185350,TASSADIT,190
185419,TATIANA,2149
185602,TAYEB,790
185935,TEDDY,2963
186559,TERENCE,484
186570,TERESA,980
186680,TERRY,350
186757,TESSA,113
186905,TEWFIK,124
187005,THAI,114
187025,THAIS,144
187087,THAMI,109
187142,THANH,737
187205,THAO,190
187337,THE,229
187488,THEO,2263
187529,THEODORA,262
187531,THEODORE,2469
187545,THEODORUS,109
187563,THEODULE,173
187615,THEOPHANE,133
187624,THEOPHILE,2274
187670,THER,184
187682,THERE,189
187691,THERES,249
187692,THERESA,382
187695,THERESE,43110
187708,THERESIEN,104
187725,THEREZE,143
187845,THI,3111
187887,THIBAUD,1446
187892,THIBAULT,4618
187893,THIBAUT,3115
187962,THIEN,131
187982,THIERNO,185
187995,THIERRY,69858
188004,THIERY,185
188090,THIMOTHEE,125
188305,THOMAS,28972
188362,THONG,105
188506,THU,284
188599,THUY,300
188656,TIAGO,263
188669,TIANA,122
188777,TIBOR,100
188785,TIBURCE,266
188824,TIDIANE,109
188889,TIEN,109
188946,TIFENN,113
188950,TIFFANIE,133
188953,TIFFANY,952
189011,TIJANI,143
189101,TIM,158
189168,TIMOTHE,261
189170,TIMOTHEE,1310
189176,TIMOTHY,606
189199,TINA,376
189271,TINO,189
189317,TIPHAINE,1517
189319,TIPHANIE,345
189461,TITOUAN,153
189575,TOBIAS,128
189876,TOM,1292
189884,TOMAS,279
189907,TOMASZ,364
189952,TOMMASO,114
189957,TOMMY,454
190006,TONG,138
190021,TONI,334
190073,TONY,7275
190418,TOUFIK,774
190442,TOUHAMI,124
190588,TOURIA,240
190662,TOUSSAINT,1209
190663,TOUSSAINTE,149
190805,TRACY,312
191075,TREVOR,183
191088,TRI,103
191229,TRISTAN,2439
191380,TRUNG,158
191699,TU,116
191702,TUAN,231
191853,TUNCAY,153
191916,TURAN,115
192052,TUYET,167
192153,TYPHAINE,337
192357,UGO,640
192369,UGUR,233
192497,ULRIC,100
192499,ULRICH,634
192508,ULRIKE,178
192541,ULYSSE,1056
192568,UMBERTO,393
192587,UMIT,167
192617,UMUT,108
192718,URBAIN,1125
192833,URSULA,590
192834,URSULE,223
192942,UTE,117
192989,UWE,136
193095,VADIM,202
193394,VALDEMAR,149
193486,VALENTIN,6669
193487,VALENTINA,351
193488,VALENTINE,2613
193491,VALENTINO,143
193510,VALERE,893
193513,VALERIA,252
193514,VALERIAN,242
193516,VALERIANE,109
193525,VALERIE,41223
193546,VALERIO,152
193550,VALERIU,141
193557,VALERY,1998
193740,VALTER,105
193781,VAN,1627
193934,VANESSA,10583
193977,VANIA,129
194005,VANINA,518
194439,VASCO,167
194462,VASILE,908
194945,VELI,181
195268,VERA,534
195361,VERENA,143
195564,VERONICA,507
195568,VERONIKA,173
195580,VERONIQUE,39750
195719,VESNA,100
195814,VEYSEL,111
195898,VIANNEY,561
195961,VICENTE,456
196019,VICKY,236
196044,VICTOIRE,1461
196048,VICTOR,24217
196056,VICTORIA,2817
196066,VICTORIEN,598
196070,VICTORIN,363
196072,VICTORINE,1314
196110,VIDAL,123
196276,VIET,124
196445,VIKTOR,117
196787,VINCENT,46206
196791,VINCENTE,584
196808,VINCENZA,125
196812,VINCENZO,979
196821,VINCIANE,263
196870,VINH,198
196951,VIOLAINE,1341
196971,VIOLETA,145
196974,VIOLETTA,124
196975,VIOLETTE,2247
196989,VIOREL,320
197092,VIRGIL,254
197093,VIRGILE,1084
197096,VIRGILIO,201
197111,VIRGINIA,627
197113,VIRGINIE,25712
197301,VITAL,722
197310,VITALIE,126
197379,VITO,486
197392,VITOR,452
197448,VITTORIO,323
197507,VIVIAN,525
197511,VIVIANE,8075
197515,VIVIANNE,209
197523,VIVIEN,1367
197526,VIVIENNE,153
197599,VLADIMIR,1075
197831,VOLKAN,115
198220,VVE,220
198402,WAEL,142
198416,WAFA,139
198501,WAHID,238
198528,WAI,130
198642,WALDEMAR,140
198710,WALID,1326
198801,WALTER,2285
198864,WANDA,473
199089,WARREN,236
199189,WASSILA,121
199200,WASSIM,190
199318,WAYNE,140
199399,WEI,265
199587,WEN,102
199603,WENCESLAS,204
199657,WENDY,785
199788,WERNER,580
199814,WESLEY,407
200047,WIESLAW,122
200179,WILFRID,1841
200187,WILFRIED,2176
200214,WILHELM,251
200223,WILHELMUS,122
200225,WILHEM,136
200296,WILLEM,376
200325,WILLIAM,14183
200335,WILLIAMS,639
200389,WILLY,4223
200441,WILSON,408
200651,WISSAM,127
200656,WISSEM,195
200681,WITOLD,103
200728,WLADIMIR,287
200735,WLADISLAS,107
200752,WLADYSLAW,121
200833,WOJCIECH,214
200852,WOLF,105
200860,WOLFGANG,543
201233,XAVIER,27769
201236,XAVIERE,307
201400,XIAO,131
201593,XIN,100
201789,XUAN,291
201975,YACINE,1653
202052,YAEL,627
202056,YAELLE,149
202122,YAHIA,645
202168,YAHYA,495
202266,YAKUP,167
202358,YAMINA,1319
202361,YAMINE,127
202375,YAMNA,118
202391,YAN,1081
202468,YANG,147
202498,YANICK,447
202523,YANIS,723
202571,YANN,13720
202581,YANNE,108
202596,YANNIC,117
202600,YANNICK,18540
202614,YANNIS,888
202701,YAO,178
202830,YASAR,296
202872,YASIN,270
202889,YASMINA,1315
202892,YASMINE,898
202933,YASSER,168
202951,YASSIN,375
202953,YASSINE,1933
203058,YAVUZ,126
203077,YAYA,216
203123,YAZID,549
203393,YEN,143
203726,YI,203
203818,YILMAZ,233
203855,YING,265
204144,YOAN,1546
204152,YOANN,4871
204254,YOHAN,2251
204264,YOHANN,2738
204310,YOLAINE,641
204314,YOLAND,292
204315,YOLANDA,145
204317,YOLANDE,7591
204340,YOLENE,172
204420,YONG,116
204481,YONI,307
204568,YORICK,102
204709,YOUCEF,1746
204832,YOUNES,1085
204833,YOUNESS,324
204906,YOURI,347
204964,YOUSSEF,3340
204990,YOUSSOUF,429
205215,YU,209
205417,YUKSEL,183
205427,YULIA,112
205485,YUN,110
205571,YUNUS,162
205698,YUSUF,663
205787,YVAN,7213
205795,YVANE,110
205847,YVELINE,1472
205851,YVELISE,236
205888,YVES,88489
205907,YVETTE,26121
205945,YVON,14318
205963,YVONNE,24287
205977,YVONNICK,397
206109,ZACHARIE,342
206161,ZAFER,126
206271,ZAHIA,313
206288,ZAHIR,253
206310,ZAHRA,532
206386,ZAINA,148
206457,ZAKARIA,906
206488,ZAKIA,283
206972,ZBIGNIEW,250
207220,ZEKI,185
207248,ZELIA,194
207255,ZELIE,301
207428,ZENON,107
207460,ZEPHIR,102
207463,ZEPHIRIN,152
207604,ZEYNEP,149
207998,ZIAD,215
208090,ZIED,231
208224,ZINA,249
208251,ZINE,121
208252,ZINEB,357
208359,ZITA,111
208528,ZOE,1250
208543,ZOFIA,104
208567,ZOHEIR,101
208589,ZOHRA,1429
208649,ZOLTAN,122
208698,ZORA,135
208705,ZORAN,341
208813,ZOUBIDA,245
208816,ZOUBIR,311
208833,ZOUHAIER,122
208837,ZOUHAIR,231
208853,ZOUHIR,180
208917,ZOULIKHA,119
